id,external_id,titulo,url,thumbnail_url,medio,seccion,fecha,scraped_at,source_run,tema,carga,classified_at
1,url-0,Titular de prueba 0 sobre politica,https://example.com/0,,Test,test,2025-01-01 00:00:00,2025-01-01 00:00:00,smoke,politica,baja,2025-01-01 00:00:00
2,url-1,Titular de prueba 1 sobre seguridad,https://example.com/1,,Test,test,2025-01-01 01:00:00,2025-01-01 01:00:00,smoke,seguridad,media,2025-01-01 00:00:00
3,url-2,Titular de prueba 2 sobre economia,https://example.com/2,,Test,test,2025-01-01 02:00:00,2025-01-01 02:00:00,smoke,economia,alta,2025-01-01 00:00:00
4,url-3,Titular de prueba 3 sobre salud,https://example.com/3,,Test,test,2025-01-01 03:00:00,2025-01-01 03:00:00,smoke,salud,baja,2025-01-01 00:00:00
5,url-4,Titular de prueba 4 sobre deportes,https://example.com/4,,Test,test,2025-01-01 04:00:00,2025-01-01 04:00:00,smoke,deportes,media,2025-01-01 00:00:00
6,url-5,Titular de prueba 5 sobre cultura,https://example.com/5,,Test,test,2025-01-01 05:00:00,2025-01-01 05:00:00,smoke,cultura,alta,2025-01-01 00:00:00
7,url-6,Titular de prueba 6 sobre tecnologia,https://example.com/6,,Test,test,2025-01-01 06:00:00,2025-01-01 06:00:00,smoke,tecnologia,baja,2025-01-01 00:00:00
8,url-7,Titular de prueba 7 sobre medioambiente,https://example.com/7,,Test,test,2025-01-01 07:00:00,2025-01-01 07:00:00,smoke,medioambiente,media,2025-01-01 00:00:00
9,url-8,Titular de prueba 8 sobre internacional,https://example.com/8,,Test,test,2025-01-01 08:00:00,2025-01-01 08:00:00,smoke,internacional,alta,2025-01-01 00:00:00
10,url-9,Titular de prueba 9 sobre sociedad,https://example.com/9,,Test,test,2025-01-01 09:00:00,2025-01-01 09:00:00,smoke,sociedad,baja,2025-01-01 00:00:00
11,url-10,Titular de prueba 10 sobre politica,https://example.com/10,,Test,test,2025-01-01 10:00:00,2025-01-01 10:00:00,smoke,politica,media,2025-01-01 00:00:00
12,url-11,Titular de prueba 11 sobre seguridad,https://example.com/11,,Test,test,2025-01-01 11:00:00,2025-01-01 11:00:00,smoke,seguridad,alta,2025-01-01 00:00:00
13,url-12,Titular de prueba 12 sobre economia,https://example.com/12,,Test,test,2025-01-01 12:00:00,2025-01-01 12:00:00,smoke,economia,baja,2025-01-01 00:00:00
14,url-13,Titular de prueba 13 sobre salud,https://example.com/13,,Test,test,2025-01-01 13:00:00,2025-01-01 13:00:00,smoke,salud,media,2025-01-01 00:00:00
15,url-14,Titular de prueba 14 sobre deportes,https://example.com/14,,Test,test,2025-01-01 14:00:00,2025-01-01 14:00:00,smoke,deportes,alta,2025-01-01 00:00:00
16,url-15,Titular de prueba 15 sobre cultura,https://example.com/15,,Test,test,2025-01-01 15:00:00,2025-01-01 15:00:00,smoke,cultura,baja,2025-01-01 00:00:00
17,url-16,Titular de prueba 16 sobre tecnologia,https://example.com/16,,Test,test,2025-01-01 16:00:00,2025-01-01 16:00:00,smoke,tecnologia,media,2025-01-01 00:00:00
18,url-17,Titular de prueba 17 sobre medioambiente,https://example.com/17,,Test,test,2025-01-01 17:00:00,2025-01-01 17:00:00,smoke,medioambiente,alta,2025-01-01 00:00:00
19,url-18,Titular de prueba 18 sobre internacional,https://example.com/18,,Test,test,2025-01-01 18:00:00,2025-01-01 18:00:00,smoke,internacional,baja,2025-01-01 00:00:00
20,url-19,Titular de prueba 19 sobre sociedad,https://example.com/19,,Test,test,2025-01-01 19:00:00,2025-01-01 19:00:00,smoke,sociedad,media,2025-01-01 00:00:00
21,url-20,Titular de prueba 20 sobre politica,https://example.com/20,,Test,test,2025-01-01 20:00:00,2025-01-01 20:00:00,smoke,politica,alta,2025-01-01 00:00:00
22,url-21,Titular de prueba 21 sobre seguridad,https://example.com/21,,Test,test,2025-01-01 21:00:00,2025-01-01 21:00:00,smoke,seguridad,baja,2025-01-01 00:00:00
23,url-22,Titular de prueba 22 sobre economia,https://example.com/22,,Test,test,2025-01-01 22:00:00,2025-01-01 22:00:00,smoke,economia,media,2025-01-01 00:00:00
24,url-23,Titular de prueba 23 sobre salud,https://example.com/23,,Test,test,2025-01-01 23:00:00,2025-01-01 23:00:00,smoke,salud,alta,2025-01-01 00:00:00
25,url-24,Titular de prueba 24 sobre deportes,https://example.com/24,,Test,test,2025-01-02 00:00:00,2025-01-02 00:00:00,smoke,deportes,baja,2025-01-01 00:00:00
26,url-25,Titular de prueba 25 sobre cultura,https://example.com/25,,Test,test,2025-01-02 01:00:00,2025-01-02 01:00:00,smoke,cultura,media,2025-01-01 00:00:00
27,url-26,Titular de prueba 26 sobre tecnologia,https://example.com/26,,Test,test,2025-01-02 02:00:00,2025-01-02 02:00:00,smoke,tecnologia,alta,2025-01-01 00:00:00
28,url-27,Titular de prueba 27 sobre medioambiente,https://example.com/27,,Test,test,2025-01-02 03:00:00,2025-01-02 03:00:00,smoke,medioambiente,baja,2025-01-01 00:00:00
29,url-28,Titular de prueba 28 sobre internacional,https://example.com/28,,Test,test,2025-01-02 04:00:00,2025-01-02 04:00:00,smoke,internacional,media,2025-01-01 00:00:00
30,url-29,Titular de prueba 29 sobre sociedad,https://example.com/29,,Test,test,2025-01-02 05:00:00,2025-01-02 05:00:00,smoke,sociedad,alta,2025-01-01 00:00:00
31,url-30,Titular de prueba 30 sobre politica,https://example.com/30,,Test,test,2025-01-02 06:00:00,2025-01-02 06:00:00,smoke,politica,baja,2025-01-01 00:00:00
32,url-31,Titular de prueba 31 sobre seguridad,https://example.com/31,,Test,test,2025-01-02 07:00:00,2025-01-02 07:00:00,smoke,seguridad,media,2025-01-01 00:00:00
33,url-32,Titular de prueba 32 sobre economia,https://example.com/32,,Test,test,2025-01-02 08:00:00,2025-01-02 08:00:00,smoke,economia,alta,2025-01-01 00:00:00
34,url-33,Titular de prueba 33 sobre salud,https://example.com/33,,Test,test,2025-01-02 09:00:00,2025-01-02 09:00:00,smoke,salud,baja,2025-01-01 00:00:00
35,url-34,Titular de prueba 34 sobre deportes,https://example.com/34,,Test,test,2025-01-02 10:00:00,2025-01-02 10:00:00,smoke,deportes,media,2025-01-01 00:00:00
36,url-35,Titular de prueba 35 sobre cultura,https://example.com/35,,Test,test,2025-01-02 11:00:00,2025-01-02 11:00:00,smoke,cultura,alta,2025-01-01 00:00:00
37,url-36,Titular de prueba 36 sobre tecnologia,https://example.com/36,,Test,test,2025-01-02 12:00:00,2025-01-02 12:00:00,smoke,tecnologia,baja,2025-01-01 00:00:00
38,url-37,Titular de prueba 37 sobre medioambiente,https://example.com/37,,Test,test,2025-01-02 13:00:00,2025-01-02 13:00:00,smoke,medioambiente,media,2025-01-01 00:00:00
39,url-38,Titular de prueba 38 sobre internacional,https://example.com/38,,Test,test,2025-01-02 14:00:00,2025-01-02 14:00:00,smoke,internacional,alta,2025-01-01 00:00:00
40,url-39,Titular de prueba 39 sobre sociedad,https://example.com/39,,Test,test,2025-01-02 15:00:00,2025-01-02 15:00:00,smoke,sociedad,baja,2025-01-01 00:00:00
41,url-40,Titular de prueba 40 sobre politica,https://example.com/40,,Test,test,2025-01-02 16:00:00,2025-01-02 16:00:00,smoke,politica,media,2025-01-01 00:00:00
42,url-41,Titular de prueba 41 sobre seguridad,https://example.com/41,,Test,test,2025-01-02 17:00:00,2025-01-02 17:00:00,smoke,seguridad,alta,2025-01-01 00:00:00
43,url-42,Titular de prueba 42 sobre economia,https://example.com/42,,Test,test,2025-01-02 18:00:00,2025-01-02 18:00:00,smoke,economia,baja,2025-01-01 00:00:00
44,url-43,Titular de prueba 43 sobre salud,https://example.com/43,,Test,test,2025-01-02 19:00:00,2025-01-02 19:00:00,smoke,salud,media,2025-01-01 00:00:00
45,url-44,Titular de prueba 44 sobre deportes,https://example.com/44,,Test,test,2025-01-02 20:00:00,2025-01-02 20:00:00,smoke,deportes,alta,2025-01-01 00:00:00
46,url-45,Titular de prueba 45 sobre cultura,https://example.com/45,,Test,test,2025-01-02 21:00:00,2025-01-02 21:00:00,smoke,cultura,baja,2025-01-01 00:00:00
47,url-46,Titular de prueba 46 sobre tecnologia,https://example.com/46,,Test,test,2025-01-02 22:00:00,2025-01-02 22:00:00,smoke,tecnologia,media,2025-01-01 00:00:00
48,url-47,Titular de prueba 47 sobre medioambiente,https://example.com/47,,Test,test,2025-01-02 23:00:00,2025-01-02 23:00:00,smoke,medioambiente,alta,2025-01-01 00:00:00
49,url-48,Titular de prueba 48 sobre internacional,https://example.com/48,,Test,test,2025-01-03 00:00:00,2025-01-03 00:00:00,smoke,internacional,baja,2025-01-01 00:00:00
50,url-49,Titular de prueba 49 sobre sociedad,https://example.com/49,,Test,test,2025-01-03 01:00:00,2025-01-03 01:00:00,smoke,sociedad,media,2025-01-01 00:00:00
51,url-50,Titular de prueba 50 sobre politica,https://example.com/50,,Test,test,2025-01-03 02:00:00,2025-01-03 02:00:00,smoke,politica,alta,2025-01-01 00:00:00
52,url-51,Titular de prueba 51 sobre seguridad,https://example.com/51,,Test,test,2025-01-03 03:00:00,2025-01-03 03:00:00,smoke,seguridad,baja,2025-01-01 00:00:00
53,url-52,Titular de prueba 52 sobre economia,https://example.com/52,,Test,test,2025-01-03 04:00:00,2025-01-03 04:00:00,smoke,economia,media,2025-01-01 00:00:00
54,url-53,Titular de prueba 53 sobre salud,https://example.com/53,,Test,test,2025-01-03 05:00:00,2025-01-03 05:00:00,smoke,salud,alta,2025-01-01 00:00:00
55,url-54,Titular de prueba 54 sobre deportes,https://example.com/54,,Test,test,2025-01-03 06:00:00,2025-01-03 06:00:00,smoke,deportes,baja,2025-01-01 00:00:00
56,url-55,Titular de prueba 55 sobre cultura,https://example.com/55,,Test,test,2025-01-03 07:00:00,2025-01-03 07:00:00,smoke,cultura,media,2025-01-01 00:00:00
57,url-56,Titular de prueba 56 sobre tecnologia,https://example.com/56,,Test,test,2025-01-03 08:00:00,2025-01-03 08:00:00,smoke,tecnologia,alta,2025-01-01 00:00:00
58,url-57,Titular de prueba 57 sobre medioambiente,https://example.com/57,,Test,test,2025-01-03 09:00:00,2025-01-03 09:00:00,smoke,medioambiente,baja,2025-01-01 00:00:00
59,url-58,Titular de prueba 58 sobre internacional,https://example.com/58,,Test,test,2025-01-03 10:00:00,2025-01-03 10:00:00,smoke,internacional,media,2025-01-01 00:00:00
60,url-59,Titular de prueba 59 sobre sociedad,https://example.com/59,,Test,test,2025-01-03 11:00:00,2025-01-03 11:00:00,smoke,sociedad,alta,2025-01-01 00:00:00
61,url-60,Titular de prueba 60 sobre politica,https://example.com/60,,Test,test,2025-01-03 12:00:00,2025-01-03 12:00:00,smoke,politica,baja,2025-01-01 00:00:00
62,url-61,Titular de prueba 61 sobre seguridad,https://example.com/61,,Test,test,2025-01-03 13:00:00,2025-01-03 13:00:00,smoke,seguridad,media,2025-01-01 00:00:00
63,url-62,Titular de prueba 62 sobre economia,https://example.com/62,,Test,test,2025-01-03 14:00:00,2025-01-03 14:00:00,smoke,economia,alta,2025-01-01 00:00:00
64,url-63,Titular de prueba 63 sobre salud,https://example.com/63,,Test,test,2025-01-03 15:00:00,2025-01-03 15:00:00,smoke,salud,baja,2025-01-01 00:00:00
65,url-64,Titular de prueba 64 sobre deportes,https://example.com/64,,Test,test,2025-01-03 16:00:00,2025-01-03 16:00:00,smoke,deportes,media,2025-01-01 00:00:00
66,url-65,Titular de prueba 65 sobre cultura,https://example.com/65,,Test,test,2025-01-03 17:00:00,2025-01-03 17:00:00,smoke,cultura,alta,2025-01-01 00:00:00
67,url-66,Titular de prueba 66 sobre tecnologia,https://example.com/66,,Test,test,2025-01-03 18:00:00,2025-01-03 18:00:00,smoke,tecnologia,baja,2025-01-01 00:00:00
68,url-67,Titular de prueba 67 sobre medioambiente,https://example.com/67,,Test,test,2025-01-03 19:00:00,2025-01-03 19:00:00,smoke,medioambiente,media,2025-01-01 00:00:00
69,url-68,Titular de prueba 68 sobre internacional,https://example.com/68,,Test,test,2025-01-03 20:00:00,2025-01-03 20:00:00,smoke,internacional,alta,2025-01-01 00:00:00
70,url-69,Titular de prueba 69 sobre sociedad,https://example.com/69,,Test,test,2025-01-03 21:00:00,2025-01-03 21:00:00,smoke,sociedad,baja,2025-01-01 00:00:00
71,url-70,Titular de prueba 70 sobre politica,https://example.com/70,,Test,test,2025-01-03 22:00:00,2025-01-03 22:00:00,smoke,politica,media,2025-01-01 00:00:00
72,url-71,Titular de prueba 71 sobre seguridad,https://example.com/71,,Test,test,2025-01-03 23:00:00,2025-01-03 23:00:00,smoke,seguridad,alta,2025-01-01 00:00:00
73,url-72,Titular de prueba 72 sobre economia,https://example.com/72,,Test,test,2025-01-04 00:00:00,2025-01-04 00:00:00,smoke,economia,baja,2025-01-01 00:00:00
74,url-73,Titular de prueba 73 sobre salud,https://example.com/73,,Test,test,2025-01-04 01:00:00,2025-01-04 01:00:00,smoke,salud,media,2025-01-01 00:00:00
75,url-74,Titular de prueba 74 sobre deportes,https://example.com/74,,Test,test,2025-01-04 02:00:00,2025-01-04 02:00:00,smoke,deportes,alta,2025-01-01 00:00:00
76,url-75,Titular de prueba 75 sobre cultura,https://example.com/75,,Test,test,2025-01-04 03:00:00,2025-01-04 03:00:00,smoke,cultura,baja,2025-01-01 00:00:00
77,url-76,Titular de prueba 76 sobre tecnologia,https://example.com/76,,Test,test,2025-01-04 04:00:00,2025-01-04 04:00:00,smoke,tecnologia,media,2025-01-01 00:00:00
78,url-77,Titular de prueba 77 sobre medioambiente,https://example.com/77,,Test,test,2025-01-04 05:00:00,2025-01-04 05:00:00,smoke,medioambiente,alta,2025-01-01 00:00:00
79,url-78,Titular de prueba 78 sobre internacional,https://example.com/78,,Test,test,2025-01-04 06:00:00,2025-01-04 06:00:00,smoke,internacional,baja,2025-01-01 00:00:00
80,url-79,Titular de prueba 79 sobre sociedad,https://example.com/79,,Test,test,2025-01-04 07:00:00,2025-01-04 07:00:00,smoke,sociedad,media,2025-01-01 00:00:00
81,url-80,Titular de prueba 80 sobre politica,https://example.com/80,,Test,test,2025-01-04 08:00:00,2025-01-04 08:00:00,smoke,politica,alta,2025-01-01 00:00:00
82,url-81,Titular de prueba 81 sobre seguridad,https://example.com/81,,Test,test,2025-01-04 09:00:00,2025-01-04 09:00:00,smoke,seguridad,baja,2025-01-01 00:00:00
83,url-82,Titular de prueba 82 sobre economia,https://example.com/82,,Test,test,2025-01-04 10:00:00,2025-01-04 10:00:00,smoke,economia,media,2025-01-01 00:00:00
84,url-83,Titular de prueba 83 sobre salud,https://example.com/83,,Test,test,2025-01-04 11:00:00,2025-01-04 11:00:00,smoke,salud,alta,2025-01-01 00:00:00
85,url-84,Titular de prueba 84 sobre deportes,https://example.com/84,,Test,test,2025-01-04 12:00:00,2025-01-04 12:00:00,smoke,deportes,baja,2025-01-01 00:00:00
86,url-85,Titular de prueba 85 sobre cultura,https://example.com/85,,Test,test,2025-01-04 13:00:00,2025-01-04 13:00:00,smoke,cultura,media,2025-01-01 00:00:00
87,url-86,Titular de prueba 86 sobre tecnologia,https://example.com/86,,Test,test,2025-01-04 14:00:00,2025-01-04 14:00:00,smoke,tecnologia,alta,2025-01-01 00:00:00
88,url-87,Titular de prueba 87 sobre medioambiente,https://example.com/87,,Test,test,2025-01-04 15:00:00,2025-01-04 15:00:00,smoke,medioambiente,baja,2025-01-01 00:00:00
89,url-88,Titular de prueba 88 sobre internacional,https://example.com/88,,Test,test,2025-01-04 16:00:00,2025-01-04 16:00:00,smoke,internacional,media,2025-01-01 00:00:00
90,url-89,Titular de prueba 89 sobre sociedad,https://example.com/89,,Test,test,2025-01-04 17:00:00,2025-01-04 17:00:00,smoke,sociedad,alta,2025-01-01 00:00:00
91,url-90,Titular de prueba 90 sobre politica,https://example.com/90,,Test,test,2025-01-04 18:00:00,2025-01-04 18:00:00,smoke,politica,baja,2025-01-01 00:00:00
92,url-91,Titular de prueba 91 sobre seguridad,https://example.com/91,,Test,test,2025-01-04 19:00:00,2025-01-04 19:00:00,smoke,seguridad,media,2025-01-01 00:00:00
93,url-92,Titular de prueba 92 sobre economia,https://example.com/92,,Test,test,2025-01-04 20:00:00,2025-01-04 20:00:00,smoke,economia,alta,2025-01-01 00:00:00
94,url-93,Titular de prueba 93 sobre salud,https://example.com/93,,Test,test,2025-01-04 21:00:00,2025-01-04 21:00:00,smoke,salud,baja,2025-01-01 00:00:00
95,url-94,Titular de prueba 94 sobre deportes,https://example.com/94,,Test,test,2025-01-04 22:00:00,2025-01-04 22:00:00,smoke,deportes,media,2025-01-01 00:00:00
96,url-95,Titular de prueba 95 sobre cultura,https://example.com/95,,Test,test,2025-01-04 23:00:00,2025-01-04 23:00:00,smoke,cultura,alta,2025-01-01 00:00:00
97,url-96,Titular de prueba 96 sobre tecnologia,https://example.com/96,,Test,test,2025-01-05 00:00:00,2025-01-05 00:00:00,smoke,tecnologia,baja,2025-01-01 00:00:00
98,url-97,Titular de prueba 97 sobre medioambiente,https://example.com/97,,Test,test,2025-01-05 01:00:00,2025-01-05 01:00:00,smoke,medioambiente,media,2025-01-01 00:00:00
99,url-98,Titular de prueba 98 sobre internacional,https://example.com/98,,Test,test,2025-01-05 02:00:00,2025-01-05 02:00:00,smoke,internacional,alta,2025-01-01 00:00:00
100,url-99,Titular de prueba 99 sobre sociedad,https://example.com/99,,Test,test,2025-01-05 03:00:00,2025-01-05 03:00:00,smoke,sociedad,baja,2025-01-01 00:00:00
101,url-100,Titular de prueba 100 sobre politica,https://example.com/100,,Test,test,2025-01-05 04:00:00,2025-01-05 04:00:00,smoke,politica,media,2025-01-01 00:00:00
102,url-101,Titular de prueba 101 sobre seguridad,https://example.com/101,,Test,test,2025-01-05 05:00:00,2025-01-05 05:00:00,smoke,seguridad,alta,2025-01-01 00:00:00
103,url-102,Titular de prueba 102 sobre economia,https://example.com/102,,Test,test,2025-01-05 06:00:00,2025-01-05 06:00:00,smoke,economia,baja,2025-01-01 00:00:00
104,url-103,Titular de prueba 103 sobre salud,https://example.com/103,,Test,test,2025-01-05 07:00:00,2025-01-05 07:00:00,smoke,salud,media,2025-01-01 00:00:00
105,url-104,Titular de prueba 104 sobre deportes,https://example.com/104,,Test,test,2025-01-05 08:00:00,2025-01-05 08:00:00,smoke,deportes,alta,2025-01-01 00:00:00
106,url-105,Titular de prueba 105 sobre cultura,https://example.com/105,,Test,test,2025-01-05 09:00:00,2025-01-05 09:00:00,smoke,cultura,baja,2025-01-01 00:00:00
107,url-106,Titular de prueba 106 sobre tecnologia,https://example.com/106,,Test,test,2025-01-05 10:00:00,2025-01-05 10:00:00,smoke,tecnologia,media,2025-01-01 00:00:00
108,url-107,Titular de prueba 107 sobre medioambiente,https://example.com/107,,Test,test,2025-01-05 11:00:00,2025-01-05 11:00:00,smoke,medioambiente,alta,2025-01-01 00:00:00
109,url-108,Titular de prueba 108 sobre internacional,https://example.com/108,,Test,test,2025-01-05 12:00:00,2025-01-05 12:00:00,smoke,internacional,baja,2025-01-01 00:00:00
110,url-109,Titular de prueba 109 sobre sociedad,https://example.com/109,,Test,test,2025-01-05 13:00:00,2025-01-05 13:00:00,smoke,sociedad,media,2025-01-01 00:00:00
111,url-110,Titular de prueba 110 sobre politica,https://example.com/110,,Test,test,2025-01-05 14:00:00,2025-01-05 14:00:00,smoke,politica,alta,2025-01-01 00:00:00
112,url-111,Titular de prueba 111 sobre seguridad,https://example.com/111,,Test,test,2025-01-05 15:00:00,2025-01-05 15:00:00,smoke,seguridad,baja,2025-01-01 00:00:00
113,url-112,Titular de prueba 112 sobre economia,https://example.com/112,,Test,test,2025-01-05 16:00:00,2025-01-05 16:00:00,smoke,economia,media,2025-01-01 00:00:00
114,url-113,Titular de prueba 113 sobre salud,https://example.com/113,,Test,test,2025-01-05 17:00:00,2025-01-05 17:00:00,smoke,salud,alta,2025-01-01 00:00:00
115,url-114,Titular de prueba 114 sobre deportes,https://example.com/114,,Test,test,2025-01-05 18:00:00,2025-01-05 18:00:00,smoke,deportes,baja,2025-01-01 00:00:00
116,url-115,Titular de prueba 115 sobre cultura,https://example.com/115,,Test,test,2025-01-05 19:00:00,2025-01-05 19:00:00,smoke,cultura,media,2025-01-01 00:00:00
117,url-116,Titular de prueba 116 sobre tecnologia,https://example.com/116,,Test,test,2025-01-05 20:00:00,2025-01-05 20:00:00,smoke,tecnologia,alta,2025-01-01 00:00:00
118,url-117,Titular de prueba 117 sobre medioambiente,https://example.com/117,,Test,test,2025-01-05 21:00:00,2025-01-05 21:00:00,smoke,medioambiente,baja,2025-01-01 00:00:00
119,url-118,Titular de prueba 118 sobre internacional,https://example.com/118,,Test,test,2025-01-05 22:00:00,2025-01-05 22:00:00,smoke,internacional,media,2025-01-01 00:00:00
120,url-119,Titular de prueba 119 sobre sociedad,https://example.com/119,,Test,test,2025-01-05 23:00:00,2025-01-05 23:00:00,smoke,sociedad,alta,2025-01-01 00:00:00
121,url-120,Titular de prueba 120 sobre politica,https://example.com/120,,Test,test,2025-01-06 00:00:00,2025-01-06 00:00:00,smoke,politica,baja,2025-01-01 00:00:00
122,url-121,Titular de prueba 121 sobre seguridad,https://example.com/121,,Test,test,2025-01-06 01:00:00,2025-01-06 01:00:00,smoke,seguridad,media,2025-01-01 00:00:00
123,url-122,Titular de prueba 122 sobre economia,https://example.com/122,,Test,test,2025-01-06 02:00:00,2025-01-06 02:00:00,smoke,economia,alta,2025-01-01 00:00:00
124,url-123,Titular de prueba 123 sobre salud,https://example.com/123,,Test,test,2025-01-06 03:00:00,2025-01-06 03:00:00,smoke,salud,baja,2025-01-01 00:00:00
125,url-124,Titular de prueba 124 sobre deportes,https://example.com/124,,Test,test,2025-01-06 04:00:00,2025-01-06 04:00:00,smoke,deportes,media,2025-01-01 00:00:00
126,url-125,Titular de prueba 125 sobre cultura,https://example.com/125,,Test,test,2025-01-06 05:00:00,2025-01-06 05:00:00,smoke,cultura,alta,2025-01-01 00:00:00
127,url-126,Titular de prueba 126 sobre tecnologia,https://example.com/126,,Test,test,2025-01-06 06:00:00,2025-01-06 06:00:00,smoke,tecnologia,baja,2025-01-01 00:00:00
128,url-127,Titular de prueba 127 sobre medioambiente,https://example.com/127,,Test,test,2025-01-06 07:00:00,2025-01-06 07:00:00,smoke,medioambiente,media,2025-01-01 00:00:00
129,url-128,Titular de prueba 128 sobre internacional,https://example.com/128,,Test,test,2025-01-06 08:00:00,2025-01-06 08:00:00,smoke,internacional,alta,2025-01-01 00:00:00
130,url-129,Titular de prueba 129 sobre sociedad,https://example.com/129,,Test,test,2025-01-06 09:00:00,2025-01-06 09:00:00,smoke,sociedad,baja,2025-01-01 00:00:00
131,url-130,Titular de prueba 130 sobre politica,https://example.com/130,,Test,test,2025-01-06 10:00:00,2025-01-06 10:00:00,smoke,politica,media,2025-01-01 00:00:00
132,url-131,Titular de prueba 131 sobre seguridad,https://example.com/131,,Test,test,2025-01-06 11:00:00,2025-01-06 11:00:00,smoke,seguridad,alta,2025-01-01 00:00:00
133,url-132,Titular de prueba 132 sobre economia,https://example.com/132,,Test,test,2025-01-06 12:00:00,2025-01-06 12:00:00,smoke,economia,baja,2025-01-01 00:00:00
134,url-133,Titular de prueba 133 sobre salud,https://example.com/133,,Test,test,2025-01-06 13:00:00,2025-01-06 13:00:00,smoke,salud,media,2025-01-01 00:00:00
135,url-134,Titular de prueba 134 sobre deportes,https://example.com/134,,Test,test,2025-01-06 14:00:00,2025-01-06 14:00:00,smoke,deportes,alta,2025-01-01 00:00:00
136,url-135,Titular de prueba 135 sobre cultura,https://example.com/135,,Test,test,2025-01-06 15:00:00,2025-01-06 15:00:00,smoke,cultura,baja,2025-01-01 00:00:00
137,url-136,Titular de prueba 136 sobre tecnologia,https://example.com/136,,Test,test,2025-01-06 16:00:00,2025-01-06 16:00:00,smoke,tecnologia,media,2025-01-01 00:00:00
138,url-137,Titular de prueba 137 sobre medioambiente,https://example.com/137,,Test,test,2025-01-06 17:00:00,2025-01-06 17:00:00,smoke,medioambiente,alta,2025-01-01 00:00:00
139,url-138,Titular de prueba 138 sobre internacional,https://example.com/138,,Test,test,2025-01-06 18:00:00,2025-01-06 18:00:00,smoke,internacional,baja,2025-01-01 00:00:00
140,url-139,Titular de prueba 139 sobre sociedad,https://example.com/139,,Test,test,2025-01-06 19:00:00,2025-01-06 19:00:00,smoke,sociedad,media,2025-01-01 00:00:00
141,url-140,Titular de prueba 140 sobre politica,https://example.com/140,,Test,test,2025-01-06 20:00:00,2025-01-06 20:00:00,smoke,politica,alta,2025-01-01 00:00:00
142,url-141,Titular de prueba 141 sobre seguridad,https://example.com/141,,Test,test,2025-01-06 21:00:00,2025-01-06 21:00:00,smoke,seguridad,baja,2025-01-01 00:00:00
143,url-142,Titular de prueba 142 sobre economia,https://example.com/142,,Test,test,2025-01-06 22:00:00,2025-01-06 22:00:00,smoke,economia,media,2025-01-01 00:00:00
144,url-143,Titular de prueba 143 sobre salud,https://example.com/143,,Test,test,2025-01-06 23:00:00,2025-01-06 23:00:00,smoke,salud,alta,2025-01-01 00:00:00
145,url-144,Titular de prueba 144 sobre deportes,https://example.com/144,,Test,test,2025-01-07 00:00:00,2025-01-07 00:00:00,smoke,deportes,baja,2025-01-01 00:00:00
146,url-145,Titular de prueba 145 sobre cultura,https://example.com/145,,Test,test,2025-01-07 01:00:00,2025-01-07 01:00:00,smoke,cultura,media,2025-01-01 00:00:00
147,url-146,Titular de prueba 146 sobre tecnologia,https://example.com/146,,Test,test,2025-01-07 02:00:00,2025-01-07 02:00:00,smoke,tecnologia,alta,2025-01-01 00:00:00
148,url-147,Titular de prueba 147 sobre medioambiente,https://example.com/147,,Test,test,2025-01-07 03:00:00,2025-01-07 03:00:00,smoke,medioambiente,baja,2025-01-01 00:00:00
149,url-148,Titular de prueba 148 sobre internacional,https://example.com/148,,Test,test,2025-01-07 04:00:00,2025-01-07 04:00:00,smoke,internacional,media,2025-01-01 00:00:00
150,url-149,Titular de prueba 149 sobre sociedad,https://example.com/149,,Test,test,2025-01-07 05:00:00,2025-01-07 05:00:00,smoke,sociedad,alta,2025-01-01 00:00:00
151,url-150,Titular de prueba 150 sobre politica,https://example.com/150,,Test,test,2025-01-07 06:00:00,2025-01-07 06:00:00,smoke,politica,baja,2025-01-01 00:00:00
152,url-151,Titular de prueba 151 sobre seguridad,https://example.com/151,,Test,test,2025-01-07 07:00:00,2025-01-07 07:00:00,smoke,seguridad,media,2025-01-01 00:00:00
153,url-152,Titular de prueba 152 sobre economia,https://example.com/152,,Test,test,2025-01-07 08:00:00,2025-01-07 08:00:00,smoke,economia,alta,2025-01-01 00:00:00
154,url-153,Titular de prueba 153 sobre salud,https://example.com/153,,Test,test,2025-01-07 09:00:00,2025-01-07 09:00:00,smoke,salud,baja,2025-01-01 00:00:00
155,url-154,Titular de prueba 154 sobre deportes,https://example.com/154,,Test,test,2025-01-07 10:00:00,2025-01-07 10:00:00,smoke,deportes,media,2025-01-01 00:00:00
156,url-155,Titular de prueba 155 sobre cultura,https://example.com/155,,Test,test,2025-01-07 11:00:00,2025-01-07 11:00:00,smoke,cultura,alta,2025-01-01 00:00:00
157,url-156,Titular de prueba 156 sobre tecnologia,https://example.com/156,,Test,test,2025-01-07 12:00:00,2025-01-07 12:00:00,smoke,tecnologia,baja,2025-01-01 00:00:00
158,url-157,Titular de prueba 157 sobre medioambiente,https://example.com/157,,Test,test,2025-01-07 13:00:00,2025-01-07 13:00:00,smoke,medioambiente,media,2025-01-01 00:00:00
159,url-158,Titular de prueba 158 sobre internacional,https://example.com/158,,Test,test,2025-01-07 14:00:00,2025-01-07 14:00:00,smoke,internacional,alta,2025-01-01 00:00:00
160,url-159,Titular de prueba 159 sobre sociedad,https://example.com/159,,Test,test,2025-01-07 15:00:00,2025-01-07 15:00:00,smoke,sociedad,baja,2025-01-01 00:00:00
161,url-160,Titular de prueba 160 sobre politica,https://example.com/160,,Test,test,2025-01-07 16:00:00,2025-01-07 16:00:00,smoke,politica,media,2025-01-01 00:00:00
162,url-161,Titular de prueba 161 sobre seguridad,https://example.com/161,,Test,test,2025-01-07 17:00:00,2025-01-07 17:00:00,smoke,seguridad,alta,2025-01-01 00:00:00
163,url-162,Titular de prueba 162 sobre economia,https://example.com/162,,Test,test,2025-01-07 18:00:00,2025-01-07 18:00:00,smoke,economia,baja,2025-01-01 00:00:00
164,url-163,Titular de prueba 163 sobre salud,https://example.com/163,,Test,test,2025-01-07 19:00:00,2025-01-07 19:00:00,smoke,salud,media,2025-01-01 00:00:00
165,url-164,Titular de prueba 164 sobre deportes,https://example.com/164,,Test,test,2025-01-07 20:00:00,2025-01-07 20:00:00,smoke,deportes,alta,2025-01-01 00:00:00
166,url-165,Titular de prueba 165 sobre cultura,https://example.com/165,,Test,test,2025-01-07 21:00:00,2025-01-07 21:00:00,smoke,cultura,baja,2025-01-01 00:00:00
167,url-166,Titular de prueba 166 sobre tecnologia,https://example.com/166,,Test,test,2025-01-07 22:00:00,2025-01-07 22:00:00,smoke,tecnologia,media,2025-01-01 00:00:00
168,url-167,Titular de prueba 167 sobre medioambiente,https://example.com/167,,Test,test,2025-01-07 23:00:00,2025-01-07 23:00:00,smoke,medioambiente,alta,2025-01-01 00:00:00
169,url-168,Titular de prueba 168 sobre internacional,https://example.com/168,,Test,test,2025-01-08 00:00:00,2025-01-08 00:00:00,smoke,internacional,baja,2025-01-01 00:00:00
170,url-169,Titular de prueba 169 sobre sociedad,https://example.com/169,,Test,test,2025-01-08 01:00:00,2025-01-08 01:00:00,smoke,sociedad,media,2025-01-01 00:00:00
171,url-170,Titular de prueba 170 sobre politica,https://example.com/170,,Test,test,2025-01-08 02:00:00,2025-01-08 02:00:00,smoke,politica,alta,2025-01-01 00:00:00
172,url-171,Titular de prueba 171 sobre seguridad,https://example.com/171,,Test,test,2025-01-08 03:00:00,2025-01-08 03:00:00,smoke,seguridad,baja,2025-01-01 00:00:00
173,url-172,Titular de prueba 172 sobre economia,https://example.com/172,,Test,test,2025-01-08 04:00:00,2025-01-08 04:00:00,smoke,economia,media,2025-01-01 00:00:00
174,url-173,Titular de prueba 173 sobre salud,https://example.com/173,,Test,test,2025-01-08 05:00:00,2025-01-08 05:00:00,smoke,salud,alta,2025-01-01 00:00:00
175,url-174,Titular de prueba 174 sobre deportes,https://example.com/174,,Test,test,2025-01-08 06:00:00,2025-01-08 06:00:00,smoke,deportes,baja,2025-01-01 00:00:00
176,url-175,Titular de prueba 175 sobre cultura,https://example.com/175,,Test,test,2025-01-08 07:00:00,2025-01-08 07:00:00,smoke,cultura,media,2025-01-01 00:00:00
177,url-176,Titular de prueba 176 sobre tecnologia,https://example.com/176,,Test,test,2025-01-08 08:00:00,2025-01-08 08:00:00,smoke,tecnologia,alta,2025-01-01 00:00:00
178,url-177,Titular de prueba 177 sobre medioambiente,https://example.com/177,,Test,test,2025-01-08 09:00:00,2025-01-08 09:00:00,smoke,medioambiente,baja,2025-01-01 00:00:00
179,url-178,Titular de prueba 178 sobre internacional,https://example.com/178,,Test,test,2025-01-08 10:00:00,2025-01-08 10:00:00,smoke,internacional,media,2025-01-01 00:00:00
180,url-179,Titular de prueba 179 sobre sociedad,https://example.com/179,,Test,test,2025-01-08 11:00:00,2025-01-08 11:00:00,smoke,sociedad,alta,2025-01-01 00:00:00
181,url-180,Titular de prueba 180 sobre politica,https://example.com/180,,Test,test,2025-01-08 12:00:00,2025-01-08 12:00:00,smoke,politica,baja,2025-01-01 00:00:00
182,url-181,Titular de prueba 181 sobre seguridad,https://example.com/181,,Test,test,2025-01-08 13:00:00,2025-01-08 13:00:00,smoke,seguridad,media,2025-01-01 00:00:00
183,url-182,Titular de prueba 182 sobre economia,https://example.com/182,,Test,test,2025-01-08 14:00:00,2025-01-08 14:00:00,smoke,economia,alta,2025-01-01 00:00:00
184,url-183,Titular de prueba 183 sobre salud,https://example.com/183,,Test,test,2025-01-08 15:00:00,2025-01-08 15:00:00,smoke,salud,baja,2025-01-01 00:00:00
185,url-184,Titular de prueba 184 sobre deportes,https://example.com/184,,Test,test,2025-01-08 16:00:00,2025-01-08 16:00:00,smoke,deportes,media,2025-01-01 00:00:00
186,url-185,Titular de prueba 185 sobre cultura,https://example.com/185,,Test,test,2025-01-08 17:00:00,2025-01-08 17:00:00,smoke,cultura,alta,2025-01-01 00:00:00
187,url-186,Titular de prueba 186 sobre tecnologia,https://example.com/186,,Test,test,2025-01-08 18:00:00,2025-01-08 18:00:00,smoke,tecnologia,baja,2025-01-01 00:00:00
188,url-187,Titular de prueba 187 sobre medioambiente,https://example.com/187,,Test,test,2025-01-08 19:00:00,2025-01-08 19:00:00,smoke,medioambiente,media,2025-01-01 00:00:00
189,url-188,Titular de prueba 188 sobre internacional,https://example.com/188,,Test,test,2025-01-08 20:00:00,2025-01-08 20:00:00,smoke,internacional,alta,2025-01-01 00:00:00
190,url-189,Titular de prueba 189 sobre sociedad,https://example.com/189,,Test,test,2025-01-08 21:00:00,2025-01-08 21:00:00,smoke,sociedad,baja,2025-01-01 00:00:00
191,url-190,Titular de prueba 190 sobre politica,https://example.com/190,,Test,test,2025-01-08 22:00:00,2025-01-08 22:00:00,smoke,politica,media,2025-01-01 00:00:00
192,url-191,Titular de prueba 191 sobre seguridad,https://example.com/191,,Test,test,2025-01-08 23:00:00,2025-01-08 23:00:00,smoke,seguridad,alta,2025-01-01 00:00:00
193,url-192,Titular de prueba 192 sobre economia,https://example.com/192,,Test,test,2025-01-09 00:00:00,2025-01-09 00:00:00,smoke,economia,baja,2025-01-01 00:00:00
194,url-193,Titular de prueba 193 sobre salud,https://example.com/193,,Test,test,2025-01-09 01:00:00,2025-01-09 01:00:00,smoke,salud,media,2025-01-01 00:00:00
195,url-194,Titular de prueba 194 sobre deportes,https://example.com/194,,Test,test,2025-01-09 02:00:00,2025-01-09 02:00:00,smoke,deportes,alta,2025-01-01 00:00:00
196,url-195,Titular de prueba 195 sobre cultura,https://example.com/195,,Test,test,2025-01-09 03:00:00,2025-01-09 03:00:00,smoke,cultura,baja,2025-01-01 00:00:00
197,url-196,Titular de prueba 196 sobre tecnologia,https://example.com/196,,Test,test,2025-01-09 04:00:00,2025-01-09 04:00:00,smoke,tecnologia,media,2025-01-01 00:00:00
198,url-197,Titular de prueba 197 sobre medioambiente,https://example.com/197,,Test,test,2025-01-09 05:00:00,2025-01-09 05:00:00,smoke,medioambiente,alta,2025-01-01 00:00:00
199,url-198,Titular de prueba 198 sobre internacional,https://example.com/198,,Test,test,2025-01-09 06:00:00,2025-01-09 06:00:00,smoke,internacional,baja,2025-01-01 00:00:00
200,url-199,Titular de prueba 199 sobre sociedad,https://example.com/199,,Test,test,2025-01-09 07:00:00,2025-01-09 07:00:00,smoke,sociedad,media,2025-01-01 00:00:00
201,url-200,Titular de prueba 200 sobre politica,https://example.com/200,,Test,test,2025-01-09 08:00:00,2025-01-09 08:00:00,smoke,politica,alta,2025-01-01 00:00:00
202,url-201,Titular de prueba 201 sobre seguridad,https://example.com/201,,Test,test,2025-01-09 09:00:00,2025-01-09 09:00:00,smoke,seguridad,baja,2025-01-01 00:00:00
203,url-202,Titular de prueba 202 sobre economia,https://example.com/202,,Test,test,2025-01-09 10:00:00,2025-01-09 10:00:00,smoke,economia,media,2025-01-01 00:00:00
204,url-203,Titular de prueba 203 sobre salud,https://example.com/203,,Test,test,2025-01-09 11:00:00,2025-01-09 11:00:00,smoke,salud,alta,2025-01-01 00:00:00
205,url-204,Titular de prueba 204 sobre deportes,https://example.com/204,,Test,test,2025-01-09 12:00:00,2025-01-09 12:00:00,smoke,deportes,baja,2025-01-01 00:00:00
206,url-205,Titular de prueba 205 sobre cultura,https://example.com/205,,Test,test,2025-01-09 13:00:00,2025-01-09 13:00:00,smoke,cultura,media,2025-01-01 00:00:00
207,url-206,Titular de prueba 206 sobre tecnologia,https://example.com/206,,Test,test,2025-01-09 14:00:00,2025-01-09 14:00:00,smoke,tecnologia,alta,2025-01-01 00:00:00
208,url-207,Titular de prueba 207 sobre medioambiente,https://example.com/207,,Test,test,2025-01-09 15:00:00,2025-01-09 15:00:00,smoke,medioambiente,baja,2025-01-01 00:00:00
209,url-208,Titular de prueba 208 sobre internacional,https://example.com/208,,Test,test,2025-01-09 16:00:00,2025-01-09 16:00:00,smoke,internacional,media,2025-01-01 00:00:00
210,url-209,Titular de prueba 209 sobre sociedad,https://example.com/209,,Test,test,2025-01-09 17:00:00,2025-01-09 17:00:00,smoke,sociedad,alta,2025-01-01 00:00:00
211,url-210,Titular de prueba 210 sobre politica,https://example.com/210,,Test,test,2025-01-09 18:00:00,2025-01-09 18:00:00,smoke,politica,baja,2025-01-01 00:00:00
212,url-211,Titular de prueba 211 sobre seguridad,https://example.com/211,,Test,test,2025-01-09 19:00:00,2025-01-09 19:00:00,smoke,seguridad,media,2025-01-01 00:00:00
213,url-212,Titular de prueba 212 sobre economia,https://example.com/212,,Test,test,2025-01-09 20:00:00,2025-01-09 20:00:00,smoke,economia,alta,2025-01-01 00:00:00
214,url-213,Titular de prueba 213 sobre salud,https://example.com/213,,Test,test,2025-01-09 21:00:00,2025-01-09 21:00:00,smoke,salud,baja,2025-01-01 00:00:00
215,url-214,Titular de prueba 214 sobre deportes,https://example.com/214,,Test,test,2025-01-09 22:00:00,2025-01-09 22:00:00,smoke,deportes,media,2025-01-01 00:00:00
216,url-215,Titular de prueba 215 sobre cultura,https://example.com/215,,Test,test,2025-01-09 23:00:00,2025-01-09 23:00:00,smoke,cultura,alta,2025-01-01 00:00:00
217,url-216,Titular de prueba 216 sobre tecnologia,https://example.com/216,,Test,test,2025-01-10 00:00:00,2025-01-10 00:00:00,smoke,tecnologia,baja,2025-01-01 00:00:00
218,url-217,Titular de prueba 217 sobre medioambiente,https://example.com/217,,Test,test,2025-01-10 01:00:00,2025-01-10 01:00:00,smoke,medioambiente,media,2025-01-01 00:00:00
219,url-218,Titular de prueba 218 sobre internacional,https://example.com/218,,Test,test,2025-01-10 02:00:00,2025-01-10 02:00:00,smoke,internacional,alta,2025-01-01 00:00:00
220,url-219,Titular de prueba 219 sobre sociedad,https://example.com/219,,Test,test,2025-01-10 03:00:00,2025-01-10 03:00:00,smoke,sociedad,baja,2025-01-01 00:00:00
221,url-220,Titular de prueba 220 sobre politica,https://example.com/220,,Test,test,2025-01-10 04:00:00,2025-01-10 04:00:00,smoke,politica,media,2025-01-01 00:00:00
222,url-221,Titular de prueba 221 sobre seguridad,https://example.com/221,,Test,test,2025-01-10 05:00:00,2025-01-10 05:00:00,smoke,seguridad,alta,2025-01-01 00:00:00
223,url-222,Titular de prueba 222 sobre economia,https://example.com/222,,Test,test,2025-01-10 06:00:00,2025-01-10 06:00:00,smoke,economia,baja,2025-01-01 00:00:00
224,url-223,Titular de prueba 223 sobre salud,https://example.com/223,,Test,test,2025-01-10 07:00:00,2025-01-10 07:00:00,smoke,salud,media,2025-01-01 00:00:00
225,url-224,Titular de prueba 224 sobre deportes,https://example.com/224,,Test,test,2025-01-10 08:00:00,2025-01-10 08:00:00,smoke,deportes,alta,2025-01-01 00:00:00
226,url-225,Titular de prueba 225 sobre cultura,https://example.com/225,,Test,test,2025-01-10 09:00:00,2025-01-10 09:00:00,smoke,cultura,baja,2025-01-01 00:00:00
227,url-226,Titular de prueba 226 sobre tecnologia,https://example.com/226,,Test,test,2025-01-10 10:00:00,2025-01-10 10:00:00,smoke,tecnologia,media,2025-01-01 00:00:00
228,url-227,Titular de prueba 227 sobre medioambiente,https://example.com/227,,Test,test,2025-01-10 11:00:00,2025-01-10 11:00:00,smoke,medioambiente,alta,2025-01-01 00:00:00
229,url-228,Titular de prueba 228 sobre internacional,https://example.com/228,,Test,test,2025-01-10 12:00:00,2025-01-10 12:00:00,smoke,internacional,baja,2025-01-01 00:00:00
230,url-229,Titular de prueba 229 sobre sociedad,https://example.com/229,,Test,test,2025-01-10 13:00:00,2025-01-10 13:00:00,smoke,sociedad,media,2025-01-01 00:00:00
231,url-230,Titular de prueba 230 sobre politica,https://example.com/230,,Test,test,2025-01-10 14:00:00,2025-01-10 14:00:00,smoke,politica,alta,2025-01-01 00:00:00
232,url-231,Titular de prueba 231 sobre seguridad,https://example.com/231,,Test,test,2025-01-10 15:00:00,2025-01-10 15:00:00,smoke,seguridad,baja,2025-01-01 00:00:00
233,url-232,Titular de prueba 232 sobre economia,https://example.com/232,,Test,test,2025-01-10 16:00:00,2025-01-10 16:00:00,smoke,economia,media,2025-01-01 00:00:00
234,url-233,Titular de prueba 233 sobre salud,https://example.com/233,,Test,test,2025-01-10 17:00:00,2025-01-10 17:00:00,smoke,salud,alta,2025-01-01 00:00:00
235,url-234,Titular de prueba 234 sobre deportes,https://example.com/234,,Test,test,2025-01-10 18:00:00,2025-01-10 18:00:00,smoke,deportes,baja,2025-01-01 00:00:00
236,url-235,Titular de prueba 235 sobre cultura,https://example.com/235,,Test,test,2025-01-10 19:00:00,2025-01-10 19:00:00,smoke,cultura,media,2025-01-01 00:00:00
237,url-236,Titular de prueba 236 sobre tecnologia,https://example.com/236,,Test,test,2025-01-10 20:00:00,2025-01-10 20:00:00,smoke,tecnologia,alta,2025-01-01 00:00:00
238,url-237,Titular de prueba 237 sobre medioambiente,https://example.com/237,,Test,test,2025-01-10 21:00:00,2025-01-10 21:00:00,smoke,medioambiente,baja,2025-01-01 00:00:00
239,url-238,Titular de prueba 238 sobre internacional,https://example.com/238,,Test,test,2025-01-10 22:00:00,2025-01-10 22:00:00,smoke,internacional,media,2025-01-01 00:00:00
240,url-239,Titular de prueba 239 sobre sociedad,https://example.com/239,,Test,test,2025-01-10 23:00:00,2025-01-10 23:00:00,smoke,sociedad,alta,2025-01-01 00:00:00
241,url-240,Titular de prueba 240 sobre politica,https://example.com/240,,Test,test,2025-01-11 00:00:00,2025-01-11 00:00:00,smoke,politica,baja,2025-01-01 00:00:00
242,url-241,Titular de prueba 241 sobre seguridad,https://example.com/241,,Test,test,2025-01-11 01:00:00,2025-01-11 01:00:00,smoke,seguridad,media,2025-01-01 00:00:00
243,url-242,Titular de prueba 242 sobre economia,https://example.com/242,,Test,test,2025-01-11 02:00:00,2025-01-11 02:00:00,smoke,economia,alta,2025-01-01 00:00:00
244,url-243,Titular de prueba 243 sobre salud,https://example.com/243,,Test,test,2025-01-11 03:00:00,2025-01-11 03:00:00,smoke,salud,baja,2025-01-01 00:00:00
245,url-244,Titular de prueba 244 sobre deportes,https://example.com/244,,Test,test,2025-01-11 04:00:00,2025-01-11 04:00:00,smoke,deportes,media,2025-01-01 00:00:00
246,url-245,Titular de prueba 245 sobre cultura,https://example.com/245,,Test,test,2025-01-11 05:00:00,2025-01-11 05:00:00,smoke,cultura,alta,2025-01-01 00:00:00
247,url-246,Titular de prueba 246 sobre tecnologia,https://example.com/246,,Test,test,2025-01-11 06:00:00,2025-01-11 06:00:00,smoke,tecnologia,baja,2025-01-01 00:00:00
248,url-247,Titular de prueba 247 sobre medioambiente,https://example.com/247,,Test,test,2025-01-11 07:00:00,2025-01-11 07:00:00,smoke,medioambiente,media,2025-01-01 00:00:00
249,url-248,Titular de prueba 248 sobre internacional,https://example.com/248,,Test,test,2025-01-11 08:00:00,2025-01-11 08:00:00,smoke,internacional,alta,2025-01-01 00:00:00
250,url-249,Titular de prueba 249 sobre sociedad,https://example.com/249,,Test,test,2025-01-11 09:00:00,2025-01-11 09:00:00,smoke,sociedad,baja,2025-01-01 00:00:00
251,url-250,Titular de prueba 250 sobre politica,https://example.com/250,,Test,test,2025-01-11 10:00:00,2025-01-11 10:00:00,smoke,politica,media,2025-01-01 00:00:00
252,url-251,Titular de prueba 251 sobre seguridad,https://example.com/251,,Test,test,2025-01-11 11:00:00,2025-01-11 11:00:00,smoke,seguridad,alta,2025-01-01 00:00:00
253,url-252,Titular de prueba 252 sobre economia,https://example.com/252,,Test,test,2025-01-11 12:00:00,2025-01-11 12:00:00,smoke,economia,baja,2025-01-01 00:00:00
254,url-253,Titular de prueba 253 sobre salud,https://example.com/253,,Test,test,2025-01-11 13:00:00,2025-01-11 13:00:00,smoke,salud,media,2025-01-01 00:00:00
255,url-254,Titular de prueba 254 sobre deportes,https://example.com/254,,Test,test,2025-01-11 14:00:00,2025-01-11 14:00:00,smoke,deportes,alta,2025-01-01 00:00:00
256,url-255,Titular de prueba 255 sobre cultura,https://example.com/255,,Test,test,2025-01-11 15:00:00,2025-01-11 15:00:00,smoke,cultura,baja,2025-01-01 00:00:00
257,url-256,Titular de prueba 256 sobre tecnologia,https://example.com/256,,Test,test,2025-01-11 16:00:00,2025-01-11 16:00:00,smoke,tecnologia,media,2025-01-01 00:00:00
258,url-257,Titular de prueba 257 sobre medioambiente,https://example.com/257,,Test,test,2025-01-11 17:00:00,2025-01-11 17:00:00,smoke,medioambiente,alta,2025-01-01 00:00:00
259,url-258,Titular de prueba 258 sobre internacional,https://example.com/258,,Test,test,2025-01-11 18:00:00,2025-01-11 18:00:00,smoke,internacional,baja,2025-01-01 00:00:00
260,url-259,Titular de prueba 259 sobre sociedad,https://example.com/259,,Test,test,2025-01-11 19:00:00,2025-01-11 19:00:00,smoke,sociedad,media,2025-01-01 00:00:00
261,url-260,Titular de prueba 260 sobre politica,https://example.com/260,,Test,test,2025-01-11 20:00:00,2025-01-11 20:00:00,smoke,politica,alta,2025-01-01 00:00:00
262,url-261,Titular de prueba 261 sobre seguridad,https://example.com/261,,Test,test,2025-01-11 21:00:00,2025-01-11 21:00:00,smoke,seguridad,baja,2025-01-01 00:00:00
263,url-262,Titular de prueba 262 sobre economia,https://example.com/262,,Test,test,2025-01-11 22:00:00,2025-01-11 22:00:00,smoke,economia,media,2025-01-01 00:00:00
264,url-263,Titular de prueba 263 sobre salud,https://example.com/263,,Test,test,2025-01-11 23:00:00,2025-01-11 23:00:00,smoke,salud,alta,2025-01-01 00:00:00
265,url-264,Titular de prueba 264 sobre deportes,https://example.com/264,,Test,test,2025-01-12 00:00:00,2025-01-12 00:00:00,smoke,deportes,baja,2025-01-01 00:00:00
266,url-265,Titular de prueba 265 sobre cultura,https://example.com/265,,Test,test,2025-01-12 01:00:00,2025-01-12 01:00:00,smoke,cultura,media,2025-01-01 00:00:00
267,url-266,Titular de prueba 266 sobre tecnologia,https://example.com/266,,Test,test,2025-01-12 02:00:00,2025-01-12 02:00:00,smoke,tecnologia,alta,2025-01-01 00:00:00
268,url-267,Titular de prueba 267 sobre medioambiente,https://example.com/267,,Test,test,2025-01-12 03:00:00,2025-01-12 03:00:00,smoke,medioambiente,baja,2025-01-01 00:00:00
269,url-268,Titular de prueba 268 sobre internacional,https://example.com/268,,Test,test,2025-01-12 04:00:00,2025-01-12 04:00:00,smoke,internacional,media,2025-01-01 00:00:00
270,url-269,Titular de prueba 269 sobre sociedad,https://example.com/269,,Test,test,2025-01-12 05:00:00,2025-01-12 05:00:00,smoke,sociedad,alta,2025-01-01 00:00:00
271,url-270,Titular de prueba 270 sobre politica,https://example.com/270,,Test,test,2025-01-12 06:00:00,2025-01-12 06:00:00,smoke,politica,baja,2025-01-01 00:00:00
272,url-271,Titular de prueba 271 sobre seguridad,https://example.com/271,,Test,test,2025-01-12 07:00:00,2025-01-12 07:00:00,smoke,seguridad,media,2025-01-01 00:00:00
273,url-272,Titular de prueba 272 sobre economia,https://example.com/272,,Test,test,2025-01-12 08:00:00,2025-01-12 08:00:00,smoke,economia,alta,2025-01-01 00:00:00
274,url-273,Titular de prueba 273 sobre salud,https://example.com/273,,Test,test,2025-01-12 09:00:00,2025-01-12 09:00:00,smoke,salud,baja,2025-01-01 00:00:00
275,url-274,Titular de prueba 274 sobre deportes,https://example.com/274,,Test,test,2025-01-12 10:00:00,2025-01-12 10:00:00,smoke,deportes,media,2025-01-01 00:00:00
276,url-275,Titular de prueba 275 sobre cultura,https://example.com/275,,Test,test,2025-01-12 11:00:00,2025-01-12 11:00:00,smoke,cultura,alta,2025-01-01 00:00:00
277,url-276,Titular de prueba 276 sobre tecnologia,https://example.com/276,,Test,test,2025-01-12 12:00:00,2025-01-12 12:00:00,smoke,tecnologia,baja,2025-01-01 00:00:00
278,url-277,Titular de prueba 277 sobre medioambiente,https://example.com/277,,Test,test,2025-01-12 13:00:00,2025-01-12 13:00:00,smoke,medioambiente,media,2025-01-01 00:00:00
279,url-278,Titular de prueba 278 sobre internacional,https://example.com/278,,Test,test,2025-01-12 14:00:00,2025-01-12 14:00:00,smoke,internacional,alta,2025-01-01 00:00:00
280,url-279,Titular de prueba 279 sobre sociedad,https://example.com/279,,Test,test,2025-01-12 15:00:00,2025-01-12 15:00:00,smoke,sociedad,baja,2025-01-01 00:00:00
281,url-280,Titular de prueba 280 sobre politica,https://example.com/280,,Test,test,2025-01-12 16:00:00,2025-01-12 16:00:00,smoke,politica,media,2025-01-01 00:00:00
282,url-281,Titular de prueba 281 sobre seguridad,https://example.com/281,,Test,test,2025-01-12 17:00:00,2025-01-12 17:00:00,smoke,seguridad,alta,2025-01-01 00:00:00
283,url-282,Titular de prueba 282 sobre economia,https://example.com/282,,Test,test,2025-01-12 18:00:00,2025-01-12 18:00:00,smoke,economia,baja,2025-01-01 00:00:00
284,url-283,Titular de prueba 283 sobre salud,https://example.com/283,,Test,test,2025-01-12 19:00:00,2025-01-12 19:00:00,smoke,salud,media,2025-01-01 00:00:00
285,url-284,Titular de prueba 284 sobre deportes,https://example.com/284,,Test,test,2025-01-12 20:00:00,2025-01-12 20:00:00,smoke,deportes,alta,2025-01-01 00:00:00
286,url-285,Titular de prueba 285 sobre cultura,https://example.com/285,,Test,test,2025-01-12 21:00:00,2025-01-12 21:00:00,smoke,cultura,baja,2025-01-01 00:00:00
287,url-286,Titular de prueba 286 sobre tecnologia,https://example.com/286,,Test,test,2025-01-12 22:00:00,2025-01-12 22:00:00,smoke,tecnologia,media,2025-01-01 00:00:00
288,url-287,Titular de prueba 287 sobre medioambiente,https://example.com/287,,Test,test,2025-01-12 23:00:00,2025-01-12 23:00:00,smoke,medioambiente,alta,2025-01-01 00:00:00
289,url-288,Titular de prueba 288 sobre internacional,https://example.com/288,,Test,test,2025-01-13 00:00:00,2025-01-13 00:00:00,smoke,internacional,baja,2025-01-01 00:00:00
290,url-289,Titular de prueba 289 sobre sociedad,https://example.com/289,,Test,test,2025-01-13 01:00:00,2025-01-13 01:00:00,smoke,sociedad,media,2025-01-01 00:00:00
291,url-290,Titular de prueba 290 sobre politica,https://example.com/290,,Test,test,2025-01-13 02:00:00,2025-01-13 02:00:00,smoke,politica,alta,2025-01-01 00:00:00
292,url-291,Titular de prueba 291 sobre seguridad,https://example.com/291,,Test,test,2025-01-13 03:00:00,2025-01-13 03:00:00,smoke,seguridad,baja,2025-01-01 00:00:00
293,url-292,Titular de prueba 292 sobre economia,https://example.com/292,,Test,test,2025-01-13 04:00:00,2025-01-13 04:00:00,smoke,economia,media,2025-01-01 00:00:00
294,url-293,Titular de prueba 293 sobre salud,https://example.com/293,,Test,test,2025-01-13 05:00:00,2025-01-13 05:00:00,smoke,salud,alta,2025-01-01 00:00:00
295,url-294,Titular de prueba 294 sobre deportes,https://example.com/294,,Test,test,2025-01-13 06:00:00,2025-01-13 06:00:00,smoke,deportes,baja,2025-01-01 00:00:00
296,url-295,Titular de prueba 295 sobre cultura,https://example.com/295,,Test,test,2025-01-13 07:00:00,2025-01-13 07:00:00,smoke,cultura,media,2025-01-01 00:00:00
297,url-296,Titular de prueba 296 sobre tecnologia,https://example.com/296,,Test,test,2025-01-13 08:00:00,2025-01-13 08:00:00,smoke,tecnologia,alta,2025-01-01 00:00:00
298,url-297,Titular de prueba 297 sobre medioambiente,https://example.com/297,,Test,test,2025-01-13 09:00:00,2025-01-13 09:00:00,smoke,medioambiente,baja,2025-01-01 00:00:00
299,url-298,Titular de prueba 298 sobre internacional,https://example.com/298,,Test,test,2025-01-13 10:00:00,2025-01-13 10:00:00,smoke,internacional,media,2025-01-01 00:00:00
300,url-299,Titular de prueba 299 sobre sociedad,https://example.com/299,,Test,test,2025-01-13 11:00:00,2025-01-13 11:00:00,smoke,sociedad,alta,2025-01-01 00:00:00
301,url-300,Titular de prueba 300 sobre politica,https://example.com/300,,Test,test,2025-01-13 12:00:00,2025-01-13 12:00:00,smoke,politica,baja,2025-01-01 00:00:00
302,url-301,Titular de prueba 301 sobre seguridad,https://example.com/301,,Test,test,2025-01-13 13:00:00,2025-01-13 13:00:00,smoke,seguridad,media,2025-01-01 00:00:00
303,url-302,Titular de prueba 302 sobre economia,https://example.com/302,,Test,test,2025-01-13 14:00:00,2025-01-13 14:00:00,smoke,economia,alta,2025-01-01 00:00:00
304,url-303,Titular de prueba 303 sobre salud,https://example.com/303,,Test,test,2025-01-13 15:00:00,2025-01-13 15:00:00,smoke,salud,baja,2025-01-01 00:00:00
305,url-304,Titular de prueba 304 sobre deportes,https://example.com/304,,Test,test,2025-01-13 16:00:00,2025-01-13 16:00:00,smoke,deportes,media,2025-01-01 00:00:00
306,url-305,Titular de prueba 305 sobre cultura,https://example.com/305,,Test,test,2025-01-13 17:00:00,2025-01-13 17:00:00,smoke,cultura,alta,2025-01-01 00:00:00
307,url-306,Titular de prueba 306 sobre tecnologia,https://example.com/306,,Test,test,2025-01-13 18:00:00,2025-01-13 18:00:00,smoke,tecnologia,baja,2025-01-01 00:00:00
308,url-307,Titular de prueba 307 sobre medioambiente,https://example.com/307,,Test,test,2025-01-13 19:00:00,2025-01-13 19:00:00,smoke,medioambiente,media,2025-01-01 00:00:00
309,url-308,Titular de prueba 308 sobre internacional,https://example.com/308,,Test,test,2025-01-13 20:00:00,2025-01-13 20:00:00,smoke,internacional,alta,2025-01-01 00:00:00
310,url-309,Titular de prueba 309 sobre sociedad,https://example.com/309,,Test,test,2025-01-13 21:00:00,2025-01-13 21:00:00,smoke,sociedad,baja,2025-01-01 00:00:00
311,url-310,Titular de prueba 310 sobre politica,https://example.com/310,,Test,test,2025-01-13 22:00:00,2025-01-13 22:00:00,smoke,politica,media,2025-01-01 00:00:00
312,url-311,Titular de prueba 311 sobre seguridad,https://example.com/311,,Test,test,2025-01-13 23:00:00,2025-01-13 23:00:00,smoke,seguridad,alta,2025-01-01 00:00:00
313,url-312,Titular de prueba 312 sobre economia,https://example.com/312,,Test,test,2025-01-14 00:00:00,2025-01-14 00:00:00,smoke,economia,baja,2025-01-01 00:00:00
314,url-313,Titular de prueba 313 sobre salud,https://example.com/313,,Test,test,2025-01-14 01:00:00,2025-01-14 01:00:00,smoke,salud,media,2025-01-01 00:00:00
315,url-314,Titular de prueba 314 sobre deportes,https://example.com/314,,Test,test,2025-01-14 02:00:00,2025-01-14 02:00:00,smoke,deportes,alta,2025-01-01 00:00:00
316,url-315,Titular de prueba 315 sobre cultura,https://example.com/315,,Test,test,2025-01-14 03:00:00,2025-01-14 03:00:00,smoke,cultura,baja,2025-01-01 00:00:00
317,url-316,Titular de prueba 316 sobre tecnologia,https://example.com/316,,Test,test,2025-01-14 04:00:00,2025-01-14 04:00:00,smoke,tecnologia,media,2025-01-01 00:00:00
318,url-317,Titular de prueba 317 sobre medioambiente,https://example.com/317,,Test,test,2025-01-14 05:00:00,2025-01-14 05:00:00,smoke,medioambiente,alta,2025-01-01 00:00:00
319,url-318,Titular de prueba 318 sobre internacional,https://example.com/318,,Test,test,2025-01-14 06:00:00,2025-01-14 06:00:00,smoke,internacional,baja,2025-01-01 00:00:00
320,url-319,Titular de prueba 319 sobre sociedad,https://example.com/319,,Test,test,2025-01-14 07:00:00,2025-01-14 07:00:00,smoke,sociedad,media,2025-01-01 00:00:00
321,url-320,Titular de prueba 320 sobre politica,https://example.com/320,,Test,test,2025-01-14 08:00:00,2025-01-14 08:00:00,smoke,politica,alta,2025-01-01 00:00:00
322,url-321,Titular de prueba 321 sobre seguridad,https://example.com/321,,Test,test,2025-01-14 09:00:00,2025-01-14 09:00:00,smoke,seguridad,baja,2025-01-01 00:00:00
323,url-322,Titular de prueba 322 sobre economia,https://example.com/322,,Test,test,2025-01-14 10:00:00,2025-01-14 10:00:00,smoke,economia,media,2025-01-01 00:00:00
324,url-323,Titular de prueba 323 sobre salud,https://example.com/323,,Test,test,2025-01-14 11:00:00,2025-01-14 11:00:00,smoke,salud,alta,2025-01-01 00:00:00
325,url-324,Titular de prueba 324 sobre deportes,https://example.com/324,,Test,test,2025-01-14 12:00:00,2025-01-14 12:00:00,smoke,deportes,baja,2025-01-01 00:00:00
326,url-325,Titular de prueba 325 sobre cultura,https://example.com/325,,Test,test,2025-01-14 13:00:00,2025-01-14 13:00:00,smoke,cultura,media,2025-01-01 00:00:00
327,url-326,Titular de prueba 326 sobre tecnologia,https://example.com/326,,Test,test,2025-01-14 14:00:00,2025-01-14 14:00:00,smoke,tecnologia,alta,2025-01-01 00:00:00
328,url-327,Titular de prueba 327 sobre medioambiente,https://example.com/327,,Test,test,2025-01-14 15:00:00,2025-01-14 15:00:00,smoke,medioambiente,baja,2025-01-01 00:00:00
329,url-328,Titular de prueba 328 sobre internacional,https://example.com/328,,Test,test,2025-01-14 16:00:00,2025-01-14 16:00:00,smoke,internacional,media,2025-01-01 00:00:00
330,url-329,Titular de prueba 329 sobre sociedad,https://example.com/329,,Test,test,2025-01-14 17:00:00,2025-01-14 17:00:00,smoke,sociedad,alta,2025-01-01 00:00:00
331,url-330,Titular de prueba 330 sobre politica,https://example.com/330,,Test,test,2025-01-14 18:00:00,2025-01-14 18:00:00,smoke,politica,baja,2025-01-01 00:00:00
332,url-331,Titular de prueba 331 sobre seguridad,https://example.com/331,,Test,test,2025-01-14 19:00:00,2025-01-14 19:00:00,smoke,seguridad,media,2025-01-01 00:00:00
333,url-332,Titular de prueba 332 sobre economia,https://example.com/332,,Test,test,2025-01-14 20:00:00,2025-01-14 20:00:00,smoke,economia,alta,2025-01-01 00:00:00
334,url-333,Titular de prueba 333 sobre salud,https://example.com/333,,Test,test,2025-01-14 21:00:00,2025-01-14 21:00:00,smoke,salud,baja,2025-01-01 00:00:00
335,url-334,Titular de prueba 334 sobre deportes,https://example.com/334,,Test,test,2025-01-14 22:00:00,2025-01-14 22:00:00,smoke,deportes,media,2025-01-01 00:00:00
336,url-335,Titular de prueba 335 sobre cultura,https://example.com/335,,Test,test,2025-01-14 23:00:00,2025-01-14 23:00:00,smoke,cultura,alta,2025-01-01 00:00:00
337,url-336,Titular de prueba 336 sobre tecnologia,https://example.com/336,,Test,test,2025-01-15 00:00:00,2025-01-15 00:00:00,smoke,tecnologia,baja,2025-01-01 00:00:00
338,url-337,Titular de prueba 337 sobre medioambiente,https://example.com/337,,Test,test,2025-01-15 01:00:00,2025-01-15 01:00:00,smoke,medioambiente,media,2025-01-01 00:00:00
339,url-338,Titular de prueba 338 sobre internacional,https://example.com/338,,Test,test,2025-01-15 02:00:00,2025-01-15 02:00:00,smoke,internacional,alta,2025-01-01 00:00:00
340,url-339,Titular de prueba 339 sobre sociedad,https://example.com/339,,Test,test,2025-01-15 03:00:00,2025-01-15 03:00:00,smoke,sociedad,baja,2025-01-01 00:00:00
341,url-340,Titular de prueba 340 sobre politica,https://example.com/340,,Test,test,2025-01-15 04:00:00,2025-01-15 04:00:00,smoke,politica,media,2025-01-01 00:00:00
342,url-341,Titular de prueba 341 sobre seguridad,https://example.com/341,,Test,test,2025-01-15 05:00:00,2025-01-15 05:00:00,smoke,seguridad,alta,2025-01-01 00:00:00
343,url-342,Titular de prueba 342 sobre economia,https://example.com/342,,Test,test,2025-01-15 06:00:00,2025-01-15 06:00:00,smoke,economia,baja,2025-01-01 00:00:00
344,url-343,Titular de prueba 343 sobre salud,https://example.com/343,,Test,test,2025-01-15 07:00:00,2025-01-15 07:00:00,smoke,salud,media,2025-01-01 00:00:00
345,url-344,Titular de prueba 344 sobre deportes,https://example.com/344,,Test,test,2025-01-15 08:00:00,2025-01-15 08:00:00,smoke,deportes,alta,2025-01-01 00:00:00
346,url-345,Titular de prueba 345 sobre cultura,https://example.com/345,,Test,test,2025-01-15 09:00:00,2025-01-15 09:00:00,smoke,cultura,baja,2025-01-01 00:00:00
347,url-346,Titular de prueba 346 sobre tecnologia,https://example.com/346,,Test,test,2025-01-15 10:00:00,2025-01-15 10:00:00,smoke,tecnologia,media,2025-01-01 00:00:00
348,url-347,Titular de prueba 347 sobre medioambiente,https://example.com/347,,Test,test,2025-01-15 11:00:00,2025-01-15 11:00:00,smoke,medioambiente,alta,2025-01-01 00:00:00
349,url-348,Titular de prueba 348 sobre internacional,https://example.com/348,,Test,test,2025-01-15 12:00:00,2025-01-15 12:00:00,smoke,internacional,baja,2025-01-01 00:00:00
350,url-349,Titular de prueba 349 sobre sociedad,https://example.com/349,,Test,test,2025-01-15 13:00:00,2025-01-15 13:00:00,smoke,sociedad,media,2025-01-01 00:00:00
351,url-350,Titular de prueba 350 sobre politica,https://example.com/350,,Test,test,2025-01-15 14:00:00,2025-01-15 14:00:00,smoke,politica,alta,2025-01-01 00:00:00
352,url-351,Titular de prueba 351 sobre seguridad,https://example.com/351,,Test,test,2025-01-15 15:00:00,2025-01-15 15:00:00,smoke,seguridad,baja,2025-01-01 00:00:00
353,url-352,Titular de prueba 352 sobre economia,https://example.com/352,,Test,test,2025-01-15 16:00:00,2025-01-15 16:00:00,smoke,economia,media,2025-01-01 00:00:00
354,url-353,Titular de prueba 353 sobre salud,https://example.com/353,,Test,test,2025-01-15 17:00:00,2025-01-15 17:00:00,smoke,salud,alta,2025-01-01 00:00:00
355,url-354,Titular de prueba 354 sobre deportes,https://example.com/354,,Test,test,2025-01-15 18:00:00,2025-01-15 18:00:00,smoke,deportes,baja,2025-01-01 00:00:00
356,url-355,Titular de prueba 355 sobre cultura,https://example.com/355,,Test,test,2025-01-15 19:00:00,2025-01-15 19:00:00,smoke,cultura,media,2025-01-01 00:00:00
357,url-356,Titular de prueba 356 sobre tecnologia,https://example.com/356,,Test,test,2025-01-15 20:00:00,2025-01-15 20:00:00,smoke,tecnologia,alta,2025-01-01 00:00:00
358,url-357,Titular de prueba 357 sobre medioambiente,https://example.com/357,,Test,test,2025-01-15 21:00:00,2025-01-15 21:00:00,smoke,medioambiente,baja,2025-01-01 00:00:00
359,url-358,Titular de prueba 358 sobre internacional,https://example.com/358,,Test,test,2025-01-15 22:00:00,2025-01-15 22:00:00,smoke,internacional,media,2025-01-01 00:00:00
360,url-359,Titular de prueba 359 sobre sociedad,https://example.com/359,,Test,test,2025-01-15 23:00:00,2025-01-15 23:00:00,smoke,sociedad,alta,2025-01-01 00:00:00
361,url-360,Titular de prueba 360 sobre politica,https://example.com/360,,Test,test,2025-01-16 00:00:00,2025-01-16 00:00:00,smoke,politica,baja,2025-01-01 00:00:00
362,url-361,Titular de prueba 361 sobre seguridad,https://example.com/361,,Test,test,2025-01-16 01:00:00,2025-01-16 01:00:00,smoke,seguridad,media,2025-01-01 00:00:00
363,url-362,Titular de prueba 362 sobre economia,https://example.com/362,,Test,test,2025-01-16 02:00:00,2025-01-16 02:00:00,smoke,economia,alta,2025-01-01 00:00:00
364,url-363,Titular de prueba 363 sobre salud,https://example.com/363,,Test,test,2025-01-16 03:00:00,2025-01-16 03:00:00,smoke,salud,baja,2025-01-01 00:00:00
365,url-364,Titular de prueba 364 sobre deportes,https://example.com/364,,Test,test,2025-01-16 04:00:00,2025-01-16 04:00:00,smoke,deportes,media,2025-01-01 00:00:00
366,url-365,Titular de prueba 365 sobre cultura,https://example.com/365,,Test,test,2025-01-16 05:00:00,2025-01-16 05:00:00,smoke,cultura,alta,2025-01-01 00:00:00
367,url-366,Titular de prueba 366 sobre tecnologia,https://example.com/366,,Test,test,2025-01-16 06:00:00,2025-01-16 06:00:00,smoke,tecnologia,baja,2025-01-01 00:00:00
368,url-367,Titular de prueba 367 sobre medioambiente,https://example.com/367,,Test,test,2025-01-16 07:00:00,2025-01-16 07:00:00,smoke,medioambiente,media,2025-01-01 00:00:00
369,url-368,Titular de prueba 368 sobre internacional,https://example.com/368,,Test,test,2025-01-16 08:00:00,2025-01-16 08:00:00,smoke,internacional,alta,2025-01-01 00:00:00
370,url-369,Titular de prueba 369 sobre sociedad,https://example.com/369,,Test,test,2025-01-16 09:00:00,2025-01-16 09:00:00,smoke,sociedad,baja,2025-01-01 00:00:00
371,url-370,Titular de prueba 370 sobre politica,https://example.com/370,,Test,test,2025-01-16 10:00:00,2025-01-16 10:00:00,smoke,politica,media,2025-01-01 00:00:00
372,url-371,Titular de prueba 371 sobre seguridad,https://example.com/371,,Test,test,2025-01-16 11:00:00,2025-01-16 11:00:00,smoke,seguridad,alta,2025-01-01 00:00:00
373,url-372,Titular de prueba 372 sobre economia,https://example.com/372,,Test,test,2025-01-16 12:00:00,2025-01-16 12:00:00,smoke,economia,baja,2025-01-01 00:00:00
374,url-373,Titular de prueba 373 sobre salud,https://example.com/373,,Test,test,2025-01-16 13:00:00,2025-01-16 13:00:00,smoke,salud,media,2025-01-01 00:00:00
375,url-374,Titular de prueba 374 sobre deportes,https://example.com/374,,Test,test,2025-01-16 14:00:00,2025-01-16 14:00:00,smoke,deportes,alta,2025-01-01 00:00:00
376,url-375,Titular de prueba 375 sobre cultura,https://example.com/375,,Test,test,2025-01-16 15:00:00,2025-01-16 15:00:00,smoke,cultura,baja,2025-01-01 00:00:00
377,url-376,Titular de prueba 376 sobre tecnologia,https://example.com/376,,Test,test,2025-01-16 16:00:00,2025-01-16 16:00:00,smoke,tecnologia,media,2025-01-01 00:00:00
378,url-377,Titular de prueba 377 sobre medioambiente,https://example.com/377,,Test,test,2025-01-16 17:00:00,2025-01-16 17:00:00,smoke,medioambiente,alta,2025-01-01 00:00:00
379,url-378,Titular de prueba 378 sobre internacional,https://example.com/378,,Test,test,2025-01-16 18:00:00,2025-01-16 18:00:00,smoke,internacional,baja,2025-01-01 00:00:00
380,url-379,Titular de prueba 379 sobre sociedad,https://example.com/379,,Test,test,2025-01-16 19:00:00,2025-01-16 19:00:00,smoke,sociedad,media,2025-01-01 00:00:00
381,url-380,Titular de prueba 380 sobre politica,https://example.com/380,,Test,test,2025-01-16 20:00:00,2025-01-16 20:00:00,smoke,politica,alta,2025-01-01 00:00:00
382,url-381,Titular de prueba 381 sobre seguridad,https://example.com/381,,Test,test,2025-01-16 21:00:00,2025-01-16 21:00:00,smoke,seguridad,baja,2025-01-01 00:00:00
383,url-382,Titular de prueba 382 sobre economia,https://example.com/382,,Test,test,2025-01-16 22:00:00,2025-01-16 22:00:00,smoke,economia,media,2025-01-01 00:00:00
384,url-383,Titular de prueba 383 sobre salud,https://example.com/383,,Test,test,2025-01-16 23:00:00,2025-01-16 23:00:00,smoke,salud,alta,2025-01-01 00:00:00
385,url-384,Titular de prueba 384 sobre deportes,https://example.com/384,,Test,test,2025-01-17 00:00:00,2025-01-17 00:00:00,smoke,deportes,baja,2025-01-01 00:00:00
386,url-385,Titular de prueba 385 sobre cultura,https://example.com/385,,Test,test,2025-01-17 01:00:00,2025-01-17 01:00:00,smoke,cultura,media,2025-01-01 00:00:00
387,url-386,Titular de prueba 386 sobre tecnologia,https://example.com/386,,Test,test,2025-01-17 02:00:00,2025-01-17 02:00:00,smoke,tecnologia,alta,2025-01-01 00:00:00
388,url-387,Titular de prueba 387 sobre medioambiente,https://example.com/387,,Test,test,2025-01-17 03:00:00,2025-01-17 03:00:00,smoke,medioambiente,baja,2025-01-01 00:00:00
389,url-388,Titular de prueba 388 sobre internacional,https://example.com/388,,Test,test,2025-01-17 04:00:00,2025-01-17 04:00:00,smoke,internacional,media,2025-01-01 00:00:00
390,url-389,Titular de prueba 389 sobre sociedad,https://example.com/389,,Test,test,2025-01-17 05:00:00,2025-01-17 05:00:00,smoke,sociedad,alta,2025-01-01 00:00:00
391,url-390,Titular de prueba 390 sobre politica,https://example.com/390,,Test,test,2025-01-17 06:00:00,2025-01-17 06:00:00,smoke,politica,baja,2025-01-01 00:00:00
392,url-391,Titular de prueba 391 sobre seguridad,https://example.com/391,,Test,test,2025-01-17 07:00:00,2025-01-17 07:00:00,smoke,seguridad,media,2025-01-01 00:00:00
393,url-392,Titular de prueba 392 sobre economia,https://example.com/392,,Test,test,2025-01-17 08:00:00,2025-01-17 08:00:00,smoke,economia,alta,2025-01-01 00:00:00
394,url-393,Titular de prueba 393 sobre salud,https://example.com/393,,Test,test,2025-01-17 09:00:00,2025-01-17 09:00:00,smoke,salud,baja,2025-01-01 00:00:00
395,url-394,Titular de prueba 394 sobre deportes,https://example.com/394,,Test,test,2025-01-17 10:00:00,2025-01-17 10:00:00,smoke,deportes,media,2025-01-01 00:00:00
396,url-395,Titular de prueba 395 sobre cultura,https://example.com/395,,Test,test,2025-01-17 11:00:00,2025-01-17 11:00:00,smoke,cultura,alta,2025-01-01 00:00:00
397,url-396,Titular de prueba 396 sobre tecnologia,https://example.com/396,,Test,test,2025-01-17 12:00:00,2025-01-17 12:00:00,smoke,tecnologia,baja,2025-01-01 00:00:00
398,url-397,Titular de prueba 397 sobre medioambiente,https://example.com/397,,Test,test,2025-01-17 13:00:00,2025-01-17 13:00:00,smoke,medioambiente,media,2025-01-01 00:00:00
399,url-398,Titular de prueba 398 sobre internacional,https://example.com/398,,Test,test,2025-01-17 14:00:00,2025-01-17 14:00:00,smoke,internacional,alta,2025-01-01 00:00:00
400,url-399,Titular de prueba 399 sobre sociedad,https://example.com/399,,Test,test,2025-01-17 15:00:00,2025-01-17 15:00:00,smoke,sociedad,baja,2025-01-01 00:00:00
401,url-400,Titular de prueba 400 sobre politica,https://example.com/400,,Test,test,2025-01-17 16:00:00,2025-01-17 16:00:00,smoke,politica,media,2025-01-01 00:00:00
402,url-401,Titular de prueba 401 sobre seguridad,https://example.com/401,,Test,test,2025-01-17 17:00:00,2025-01-17 17:00:00,smoke,seguridad,alta,2025-01-01 00:00:00
403,url-402,Titular de prueba 402 sobre economia,https://example.com/402,,Test,test,2025-01-17 18:00:00,2025-01-17 18:00:00,smoke,economia,baja,2025-01-01 00:00:00
404,url-403,Titular de prueba 403 sobre salud,https://example.com/403,,Test,test,2025-01-17 19:00:00,2025-01-17 19:00:00,smoke,salud,media,2025-01-01 00:00:00
405,url-404,Titular de prueba 404 sobre deportes,https://example.com/404,,Test,test,2025-01-17 20:00:00,2025-01-17 20:00:00,smoke,deportes,alta,2025-01-01 00:00:00
406,url-405,Titular de prueba 405 sobre cultura,https://example.com/405,,Test,test,2025-01-17 21:00:00,2025-01-17 21:00:00,smoke,cultura,baja,2025-01-01 00:00:00
407,url-406,Titular de prueba 406 sobre tecnologia,https://example.com/406,,Test,test,2025-01-17 22:00:00,2025-01-17 22:00:00,smoke,tecnologia,media,2025-01-01 00:00:00
408,url-407,Titular de prueba 407 sobre medioambiente,https://example.com/407,,Test,test,2025-01-17 23:00:00,2025-01-17 23:00:00,smoke,medioambiente,alta,2025-01-01 00:00:00
409,url-408,Titular de prueba 408 sobre internacional,https://example.com/408,,Test,test,2025-01-18 00:00:00,2025-01-18 00:00:00,smoke,internacional,baja,2025-01-01 00:00:00
410,url-409,Titular de prueba 409 sobre sociedad,https://example.com/409,,Test,test,2025-01-18 01:00:00,2025-01-18 01:00:00,smoke,sociedad,media,2025-01-01 00:00:00
411,url-410,Titular de prueba 410 sobre politica,https://example.com/410,,Test,test,2025-01-18 02:00:00,2025-01-18 02:00:00,smoke,politica,alta,2025-01-01 00:00:00
412,url-411,Titular de prueba 411 sobre seguridad,https://example.com/411,,Test,test,2025-01-18 03:00:00,2025-01-18 03:00:00,smoke,seguridad,baja,2025-01-01 00:00:00
413,url-412,Titular de prueba 412 sobre economia,https://example.com/412,,Test,test,2025-01-18 04:00:00,2025-01-18 04:00:00,smoke,economia,media,2025-01-01 00:00:00
414,url-413,Titular de prueba 413 sobre salud,https://example.com/413,,Test,test,2025-01-18 05:00:00,2025-01-18 05:00:00,smoke,salud,alta,2025-01-01 00:00:00
415,url-414,Titular de prueba 414 sobre deportes,https://example.com/414,,Test,test,2025-01-18 06:00:00,2025-01-18 06:00:00,smoke,deportes,baja,2025-01-01 00:00:00
416,url-415,Titular de prueba 415 sobre cultura,https://example.com/415,,Test,test,2025-01-18 07:00:00,2025-01-18 07:00:00,smoke,cultura,media,2025-01-01 00:00:00
417,url-416,Titular de prueba 416 sobre tecnologia,https://example.com/416,,Test,test,2025-01-18 08:00:00,2025-01-18 08:00:00,smoke,tecnologia,alta,2025-01-01 00:00:00
418,url-417,Titular de prueba 417 sobre medioambiente,https://example.com/417,,Test,test,2025-01-18 09:00:00,2025-01-18 09:00:00,smoke,medioambiente,baja,2025-01-01 00:00:00
419,url-418,Titular de prueba 418 sobre internacional,https://example.com/418,,Test,test,2025-01-18 10:00:00,2025-01-18 10:00:00,smoke,internacional,media,2025-01-01 00:00:00
420,url-419,Titular de prueba 419 sobre sociedad,https://example.com/419,,Test,test,2025-01-18 11:00:00,2025-01-18 11:00:00,smoke,sociedad,alta,2025-01-01 00:00:00
421,url-420,Titular de prueba 420 sobre politica,https://example.com/420,,Test,test,2025-01-18 12:00:00,2025-01-18 12:00:00,smoke,politica,baja,2025-01-01 00:00:00
422,url-421,Titular de prueba 421 sobre seguridad,https://example.com/421,,Test,test,2025-01-18 13:00:00,2025-01-18 13:00:00,smoke,seguridad,media,2025-01-01 00:00:00
423,url-422,Titular de prueba 422 sobre economia,https://example.com/422,,Test,test,2025-01-18 14:00:00,2025-01-18 14:00:00,smoke,economia,alta,2025-01-01 00:00:00
424,url-423,Titular de prueba 423 sobre salud,https://example.com/423,,Test,test,2025-01-18 15:00:00,2025-01-18 15:00:00,smoke,salud,baja,2025-01-01 00:00:00
425,url-424,Titular de prueba 424 sobre deportes,https://example.com/424,,Test,test,2025-01-18 16:00:00,2025-01-18 16:00:00,smoke,deportes,media,2025-01-01 00:00:00
426,url-425,Titular de prueba 425 sobre cultura,https://example.com/425,,Test,test,2025-01-18 17:00:00,2025-01-18 17:00:00,smoke,cultura,alta,2025-01-01 00:00:00
427,url-426,Titular de prueba 426 sobre tecnologia,https://example.com/426,,Test,test,2025-01-18 18:00:00,2025-01-18 18:00:00,smoke,tecnologia,baja,2025-01-01 00:00:00
428,url-427,Titular de prueba 427 sobre medioambiente,https://example.com/427,,Test,test,2025-01-18 19:00:00,2025-01-18 19:00:00,smoke,medioambiente,media,2025-01-01 00:00:00
429,url-428,Titular de prueba 428 sobre internacional,https://example.com/428,,Test,test,2025-01-18 20:00:00,2025-01-18 20:00:00,smoke,internacional,alta,2025-01-01 00:00:00
430,url-429,Titular de prueba 429 sobre sociedad,https://example.com/429,,Test,test,2025-01-18 21:00:00,2025-01-18 21:00:00,smoke,sociedad,baja,2025-01-01 00:00:00
431,url-430,Titular de prueba 430 sobre politica,https://example.com/430,,Test,test,2025-01-18 22:00:00,2025-01-18 22:00:00,smoke,politica,media,2025-01-01 00:00:00
432,url-431,Titular de prueba 431 sobre seguridad,https://example.com/431,,Test,test,2025-01-18 23:00:00,2025-01-18 23:00:00,smoke,seguridad,alta,2025-01-01 00:00:00
433,url-432,Titular de prueba 432 sobre economia,https://example.com/432,,Test,test,2025-01-19 00:00:00,2025-01-19 00:00:00,smoke,economia,baja,2025-01-01 00:00:00
434,url-433,Titular de prueba 433 sobre salud,https://example.com/433,,Test,test,2025-01-19 01:00:00,2025-01-19 01:00:00,smoke,salud,media,2025-01-01 00:00:00
435,url-434,Titular de prueba 434 sobre deportes,https://example.com/434,,Test,test,2025-01-19 02:00:00,2025-01-19 02:00:00,smoke,deportes,alta,2025-01-01 00:00:00
436,url-435,Titular de prueba 435 sobre cultura,https://example.com/435,,Test,test,2025-01-19 03:00:00,2025-01-19 03:00:00,smoke,cultura,baja,2025-01-01 00:00:00
437,url-436,Titular de prueba 436 sobre tecnologia,https://example.com/436,,Test,test,2025-01-19 04:00:00,2025-01-19 04:00:00,smoke,tecnologia,media,2025-01-01 00:00:00
438,url-437,Titular de prueba 437 sobre medioambiente,https://example.com/437,,Test,test,2025-01-19 05:00:00,2025-01-19 05:00:00,smoke,medioambiente,alta,2025-01-01 00:00:00
439,url-438,Titular de prueba 438 sobre internacional,https://example.com/438,,Test,test,2025-01-19 06:00:00,2025-01-19 06:00:00,smoke,internacional,baja,2025-01-01 00:00:00
440,url-439,Titular de prueba 439 sobre sociedad,https://example.com/439,,Test,test,2025-01-19 07:00:00,2025-01-19 07:00:00,smoke,sociedad,media,2025-01-01 00:00:00
441,url-440,Titular de prueba 440 sobre politica,https://example.com/440,,Test,test,2025-01-19 08:00:00,2025-01-19 08:00:00,smoke,politica,alta,2025-01-01 00:00:00
442,url-441,Titular de prueba 441 sobre seguridad,https://example.com/441,,Test,test,2025-01-19 09:00:00,2025-01-19 09:00:00,smoke,seguridad,baja,2025-01-01 00:00:00
443,url-442,Titular de prueba 442 sobre economia,https://example.com/442,,Test,test,2025-01-19 10:00:00,2025-01-19 10:00:00,smoke,economia,media,2025-01-01 00:00:00
444,url-443,Titular de prueba 443 sobre salud,https://example.com/443,,Test,test,2025-01-19 11:00:00,2025-01-19 11:00:00,smoke,salud,alta,2025-01-01 00:00:00
445,url-444,Titular de prueba 444 sobre deportes,https://example.com/444,,Test,test,2025-01-19 12:00:00,2025-01-19 12:00:00,smoke,deportes,baja,2025-01-01 00:00:00
446,url-445,Titular de prueba 445 sobre cultura,https://example.com/445,,Test,test,2025-01-19 13:00:00,2025-01-19 13:00:00,smoke,cultura,media,2025-01-01 00:00:00
447,url-446,Titular de prueba 446 sobre tecnologia,https://example.com/446,,Test,test,2025-01-19 14:00:00,2025-01-19 14:00:00,smoke,tecnologia,alta,2025-01-01 00:00:00
448,url-447,Titular de prueba 447 sobre medioambiente,https://example.com/447,,Test,test,2025-01-19 15:00:00,2025-01-19 15:00:00,smoke,medioambiente,baja,2025-01-01 00:00:00
449,url-448,Titular de prueba 448 sobre internacional,https://example.com/448,,Test,test,2025-01-19 16:00:00,2025-01-19 16:00:00,smoke,internacional,media,2025-01-01 00:00:00
450,url-449,Titular de prueba 449 sobre sociedad,https://example.com/449,,Test,test,2025-01-19 17:00:00,2025-01-19 17:00:00,smoke,sociedad,alta,2025-01-01 00:00:00
451,url-450,Titular de prueba 450 sobre politica,https://example.com/450,,Test,test,2025-01-19 18:00:00,2025-01-19 18:00:00,smoke,politica,baja,2025-01-01 00:00:00
452,url-451,Titular de prueba 451 sobre seguridad,https://example.com/451,,Test,test,2025-01-19 19:00:00,2025-01-19 19:00:00,smoke,seguridad,media,2025-01-01 00:00:00
453,url-452,Titular de prueba 452 sobre economia,https://example.com/452,,Test,test,2025-01-19 20:00:00,2025-01-19 20:00:00,smoke,economia,alta,2025-01-01 00:00:00
454,url-453,Titular de prueba 453 sobre salud,https://example.com/453,,Test,test,2025-01-19 21:00:00,2025-01-19 21:00:00,smoke,salud,baja,2025-01-01 00:00:00
455,url-454,Titular de prueba 454 sobre deportes,https://example.com/454,,Test,test,2025-01-19 22:00:00,2025-01-19 22:00:00,smoke,deportes,media,2025-01-01 00:00:00
456,url-455,Titular de prueba 455 sobre cultura,https://example.com/455,,Test,test,2025-01-19 23:00:00,2025-01-19 23:00:00,smoke,cultura,alta,2025-01-01 00:00:00
457,url-456,Titular de prueba 456 sobre tecnologia,https://example.com/456,,Test,test,2025-01-20 00:00:00,2025-01-20 00:00:00,smoke,tecnologia,baja,2025-01-01 00:00:00
458,url-457,Titular de prueba 457 sobre medioambiente,https://example.com/457,,Test,test,2025-01-20 01:00:00,2025-01-20 01:00:00,smoke,medioambiente,media,2025-01-01 00:00:00
459,url-458,Titular de prueba 458 sobre internacional,https://example.com/458,,Test,test,2025-01-20 02:00:00,2025-01-20 02:00:00,smoke,internacional,alta,2025-01-01 00:00:00
460,url-459,Titular de prueba 459 sobre sociedad,https://example.com/459,,Test,test,2025-01-20 03:00:00,2025-01-20 03:00:00,smoke,sociedad,baja,2025-01-01 00:00:00
461,url-460,Titular de prueba 460 sobre politica,https://example.com/460,,Test,test,2025-01-20 04:00:00,2025-01-20 04:00:00,smoke,politica,media,2025-01-01 00:00:00
462,url-461,Titular de prueba 461 sobre seguridad,https://example.com/461,,Test,test,2025-01-20 05:00:00,2025-01-20 05:00:00,smoke,seguridad,alta,2025-01-01 00:00:00
463,url-462,Titular de prueba 462 sobre economia,https://example.com/462,,Test,test,2025-01-20 06:00:00,2025-01-20 06:00:00,smoke,economia,baja,2025-01-01 00:00:00
464,url-463,Titular de prueba 463 sobre salud,https://example.com/463,,Test,test,2025-01-20 07:00:00,2025-01-20 07:00:00,smoke,salud,media,2025-01-01 00:00:00
465,url-464,Titular de prueba 464 sobre deportes,https://example.com/464,,Test,test,2025-01-20 08:00:00,2025-01-20 08:00:00,smoke,deportes,alta,2025-01-01 00:00:00
466,url-465,Titular de prueba 465 sobre cultura,https://example.com/465,,Test,test,2025-01-20 09:00:00,2025-01-20 09:00:00,smoke,cultura,baja,2025-01-01 00:00:00
467,url-466,Titular de prueba 466 sobre tecnologia,https://example.com/466,,Test,test,2025-01-20 10:00:00,2025-01-20 10:00:00,smoke,tecnologia,media,2025-01-01 00:00:00
468,url-467,Titular de prueba 467 sobre medioambiente,https://example.com/467,,Test,test,2025-01-20 11:00:00,2025-01-20 11:00:00,smoke,medioambiente,alta,2025-01-01 00:00:00
469,url-468,Titular de prueba 468 sobre internacional,https://example.com/468,,Test,test,2025-01-20 12:00:00,2025-01-20 12:00:00,smoke,internacional,baja,2025-01-01 00:00:00
470,url-469,Titular de prueba 469 sobre sociedad,https://example.com/469,,Test,test,2025-01-20 13:00:00,2025-01-20 13:00:00,smoke,sociedad,media,2025-01-01 00:00:00
471,url-470,Titular de prueba 470 sobre politica,https://example.com/470,,Test,test,2025-01-20 14:00:00,2025-01-20 14:00:00,smoke,politica,alta,2025-01-01 00:00:00
472,url-471,Titular de prueba 471 sobre seguridad,https://example.com/471,,Test,test,2025-01-20 15:00:00,2025-01-20 15:00:00,smoke,seguridad,baja,2025-01-01 00:00:00
473,url-472,Titular de prueba 472 sobre economia,https://example.com/472,,Test,test,2025-01-20 16:00:00,2025-01-20 16:00:00,smoke,economia,media,2025-01-01 00:00:00
474,url-473,Titular de prueba 473 sobre salud,https://example.com/473,,Test,test,2025-01-20 17:00:00,2025-01-20 17:00:00,smoke,salud,alta,2025-01-01 00:00:00
475,url-474,Titular de prueba 474 sobre deportes,https://example.com/474,,Test,test,2025-01-20 18:00:00,2025-01-20 18:00:00,smoke,deportes,baja,2025-01-01 00:00:00
476,url-475,Titular de prueba 475 sobre cultura,https://example.com/475,,Test,test,2025-01-20 19:00:00,2025-01-20 19:00:00,smoke,cultura,media,2025-01-01 00:00:00
477,url-476,Titular de prueba 476 sobre tecnologia,https://example.com/476,,Test,test,2025-01-20 20:00:00,2025-01-20 20:00:00,smoke,tecnologia,alta,2025-01-01 00:00:00
478,url-477,Titular de prueba 477 sobre medioambiente,https://example.com/477,,Test,test,2025-01-20 21:00:00,2025-01-20 21:00:00,smoke,medioambiente,baja,2025-01-01 00:00:00
479,url-478,Titular de prueba 478 sobre internacional,https://example.com/478,,Test,test,2025-01-20 22:00:00,2025-01-20 22:00:00,smoke,internacional,media,2025-01-01 00:00:00
480,url-479,Titular de prueba 479 sobre sociedad,https://example.com/479,,Test,test,2025-01-20 23:00:00,2025-01-20 23:00:00,smoke,sociedad,alta,2025-01-01 00:00:00
481,url-480,Titular de prueba 480 sobre politica,https://example.com/480,,Test,test,2025-01-21 00:00:00,2025-01-21 00:00:00,smoke,politica,baja,2025-01-01 00:00:00
482,url-481,Titular de prueba 481 sobre seguridad,https://example.com/481,,Test,test,2025-01-21 01:00:00,2025-01-21 01:00:00,smoke,seguridad,media,2025-01-01 00:00:00
483,url-482,Titular de prueba 482 sobre economia,https://example.com/482,,Test,test,2025-01-21 02:00:00,2025-01-21 02:00:00,smoke,economia,alta,2025-01-01 00:00:00
484,url-483,Titular de prueba 483 sobre salud,https://example.com/483,,Test,test,2025-01-21 03:00:00,2025-01-21 03:00:00,smoke,salud,baja,2025-01-01 00:00:00
485,url-484,Titular de prueba 484 sobre deportes,https://example.com/484,,Test,test,2025-01-21 04:00:00,2025-01-21 04:00:00,smoke,deportes,media,2025-01-01 00:00:00
486,url-485,Titular de prueba 485 sobre cultura,https://example.com/485,,Test,test,2025-01-21 05:00:00,2025-01-21 05:00:00,smoke,cultura,alta,2025-01-01 00:00:00
487,url-486,Titular de prueba 486 sobre tecnologia,https://example.com/486,,Test,test,2025-01-21 06:00:00,2025-01-21 06:00:00,smoke,tecnologia,baja,2025-01-01 00:00:00
488,url-487,Titular de prueba 487 sobre medioambiente,https://example.com/487,,Test,test,2025-01-21 07:00:00,2025-01-21 07:00:00,smoke,medioambiente,media,2025-01-01 00:00:00
489,url-488,Titular de prueba 488 sobre internacional,https://example.com/488,,Test,test,2025-01-21 08:00:00,2025-01-21 08:00:00,smoke,internacional,alta,2025-01-01 00:00:00
490,url-489,Titular de prueba 489 sobre sociedad,https://example.com/489,,Test,test,2025-01-21 09:00:00,2025-01-21 09:00:00,smoke,sociedad,baja,2025-01-01 00:00:00
491,url-490,Titular de prueba 490 sobre politica,https://example.com/490,,Test,test,2025-01-21 10:00:00,2025-01-21 10:00:00,smoke,politica,media,2025-01-01 00:00:00
492,url-491,Titular de prueba 491 sobre seguridad,https://example.com/491,,Test,test,2025-01-21 11:00:00,2025-01-21 11:00:00,smoke,seguridad,alta,2025-01-01 00:00:00
493,url-492,Titular de prueba 492 sobre economia,https://example.com/492,,Test,test,2025-01-21 12:00:00,2025-01-21 12:00:00,smoke,economia,baja,2025-01-01 00:00:00
494,url-493,Titular de prueba 493 sobre salud,https://example.com/493,,Test,test,2025-01-21 13:00:00,2025-01-21 13:00:00,smoke,salud,media,2025-01-01 00:00:00
495,url-494,Titular de prueba 494 sobre deportes,https://example.com/494,,Test,test,2025-01-21 14:00:00,2025-01-21 14:00:00,smoke,deportes,alta,2025-01-01 00:00:00
496,url-495,Titular de prueba 495 sobre cultura,https://example.com/495,,Test,test,2025-01-21 15:00:00,2025-01-21 15:00:00,smoke,cultura,baja,2025-01-01 00:00:00
497,url-496,Titular de prueba 496 sobre tecnologia,https://example.com/496,,Test,test,2025-01-21 16:00:00,2025-01-21 16:00:00,smoke,tecnologia,media,2025-01-01 00:00:00
498,url-497,Titular de prueba 497 sobre medioambiente,https://example.com/497,,Test,test,2025-01-21 17:00:00,2025-01-21 17:00:00,smoke,medioambiente,alta,2025-01-01 00:00:00
499,url-498,Titular de prueba 498 sobre internacional,https://example.com/498,,Test,test,2025-01-21 18:00:00,2025-01-21 18:00:00,smoke,internacional,baja,2025-01-01 00:00:00
500,url-499,Titular de prueba 499 sobre sociedad,https://example.com/499,,Test,test,2025-01-21 19:00:00,2025-01-21 19:00:00,smoke,sociedad,media,2025-01-01 00:00:00
501,url-500,Titular de prueba 500 sobre politica,https://example.com/500,,Test,test,2025-01-21 20:00:00,2025-01-21 20:00:00,smoke,politica,alta,2025-01-01 00:00:00
502,url-501,Titular de prueba 501 sobre seguridad,https://example.com/501,,Test,test,2025-01-21 21:00:00,2025-01-21 21:00:00,smoke,seguridad,baja,2025-01-01 00:00:00
503,url-502,Titular de prueba 502 sobre economia,https://example.com/502,,Test,test,2025-01-21 22:00:00,2025-01-21 22:00:00,smoke,economia,media,2025-01-01 00:00:00
504,url-503,Titular de prueba 503 sobre salud,https://example.com/503,,Test,test,2025-01-21 23:00:00,2025-01-21 23:00:00,smoke,salud,alta,2025-01-01 00:00:00
505,url-504,Titular de prueba 504 sobre deportes,https://example.com/504,,Test,test,2025-01-22 00:00:00,2025-01-22 00:00:00,smoke,deportes,baja,2025-01-01 00:00:00
506,url-505,Titular de prueba 505 sobre cultura,https://example.com/505,,Test,test,2025-01-22 01:00:00,2025-01-22 01:00:00,smoke,cultura,media,2025-01-01 00:00:00
507,url-506,Titular de prueba 506 sobre tecnologia,https://example.com/506,,Test,test,2025-01-22 02:00:00,2025-01-22 02:00:00,smoke,tecnologia,alta,2025-01-01 00:00:00
508,url-507,Titular de prueba 507 sobre medioambiente,https://example.com/507,,Test,test,2025-01-22 03:00:00,2025-01-22 03:00:00,smoke,medioambiente,baja,2025-01-01 00:00:00
509,url-508,Titular de prueba 508 sobre internacional,https://example.com/508,,Test,test,2025-01-22 04:00:00,2025-01-22 04:00:00,smoke,internacional,media,2025-01-01 00:00:00
510,url-509,Titular de prueba 509 sobre sociedad,https://example.com/509,,Test,test,2025-01-22 05:00:00,2025-01-22 05:00:00,smoke,sociedad,alta,2025-01-01 00:00:00
511,url-510,Titular de prueba 510 sobre politica,https://example.com/510,,Test,test,2025-01-22 06:00:00,2025-01-22 06:00:00,smoke,politica,baja,2025-01-01 00:00:00
512,url-511,Titular de prueba 511 sobre seguridad,https://example.com/511,,Test,test,2025-01-22 07:00:00,2025-01-22 07:00:00,smoke,seguridad,media,2025-01-01 00:00:00
513,url-512,Titular de prueba 512 sobre economia,https://example.com/512,,Test,test,2025-01-22 08:00:00,2025-01-22 08:00:00,smoke,economia,alta,2025-01-01 00:00:00
514,url-513,Titular de prueba 513 sobre salud,https://example.com/513,,Test,test,2025-01-22 09:00:00,2025-01-22 09:00:00,smoke,salud,baja,2025-01-01 00:00:00
515,url-514,Titular de prueba 514 sobre deportes,https://example.com/514,,Test,test,2025-01-22 10:00:00,2025-01-22 10:00:00,smoke,deportes,media,2025-01-01 00:00:00
516,url-515,Titular de prueba 515 sobre cultura,https://example.com/515,,Test,test,2025-01-22 11:00:00,2025-01-22 11:00:00,smoke,cultura,alta,2025-01-01 00:00:00
517,url-516,Titular de prueba 516 sobre tecnologia,https://example.com/516,,Test,test,2025-01-22 12:00:00,2025-01-22 12:00:00,smoke,tecnologia,baja,2025-01-01 00:00:00
518,url-517,Titular de prueba 517 sobre medioambiente,https://example.com/517,,Test,test,2025-01-22 13:00:00,2025-01-22 13:00:00,smoke,medioambiente,media,2025-01-01 00:00:00
519,url-518,Titular de prueba 518 sobre internacional,https://example.com/518,,Test,test,2025-01-22 14:00:00,2025-01-22 14:00:00,smoke,internacional,alta,2025-01-01 00:00:00
520,url-519,Titular de prueba 519 sobre sociedad,https://example.com/519,,Test,test,2025-01-22 15:00:00,2025-01-22 15:00:00,smoke,sociedad,baja,2025-01-01 00:00:00
521,url-520,Titular de prueba 520 sobre politica,https://example.com/520,,Test,test,2025-01-22 16:00:00,2025-01-22 16:00:00,smoke,politica,media,2025-01-01 00:00:00
522,url-521,Titular de prueba 521 sobre seguridad,https://example.com/521,,Test,test,2025-01-22 17:00:00,2025-01-22 17:00:00,smoke,seguridad,alta,2025-01-01 00:00:00
523,url-522,Titular de prueba 522 sobre economia,https://example.com/522,,Test,test,2025-01-22 18:00:00,2025-01-22 18:00:00,smoke,economia,baja,2025-01-01 00:00:00
524,url-523,Titular de prueba 523 sobre salud,https://example.com/523,,Test,test,2025-01-22 19:00:00,2025-01-22 19:00:00,smoke,salud,media,2025-01-01 00:00:00
525,url-524,Titular de prueba 524 sobre deportes,https://example.com/524,,Test,test,2025-01-22 20:00:00,2025-01-22 20:00:00,smoke,deportes,alta,2025-01-01 00:00:00
526,url-525,Titular de prueba 525 sobre cultura,https://example.com/525,,Test,test,2025-01-22 21:00:00,2025-01-22 21:00:00,smoke,cultura,baja,2025-01-01 00:00:00
527,url-526,Titular de prueba 526 sobre tecnologia,https://example.com/526,,Test,test,2025-01-22 22:00:00,2025-01-22 22:00:00,smoke,tecnologia,media,2025-01-01 00:00:00
528,url-527,Titular de prueba 527 sobre medioambiente,https://example.com/527,,Test,test,2025-01-22 23:00:00,2025-01-22 23:00:00,smoke,medioambiente,alta,2025-01-01 00:00:00
529,url-528,Titular de prueba 528 sobre internacional,https://example.com/528,,Test,test,2025-01-23 00:00:00,2025-01-23 00:00:00,smoke,internacional,baja,2025-01-01 00:00:00
530,url-529,Titular de prueba 529 sobre sociedad,https://example.com/529,,Test,test,2025-01-23 01:00:00,2025-01-23 01:00:00,smoke,sociedad,media,2025-01-01 00:00:00
531,url-530,Titular de prueba 530 sobre politica,https://example.com/530,,Test,test,2025-01-23 02:00:00,2025-01-23 02:00:00,smoke,politica,alta,2025-01-01 00:00:00
532,url-531,Titular de prueba 531 sobre seguridad,https://example.com/531,,Test,test,2025-01-23 03:00:00,2025-01-23 03:00:00,smoke,seguridad,baja,2025-01-01 00:00:00
533,url-532,Titular de prueba 532 sobre economia,https://example.com/532,,Test,test,2025-01-23 04:00:00,2025-01-23 04:00:00,smoke,economia,media,2025-01-01 00:00:00
534,url-533,Titular de prueba 533 sobre salud,https://example.com/533,,Test,test,2025-01-23 05:00:00,2025-01-23 05:00:00,smoke,salud,alta,2025-01-01 00:00:00
535,url-534,Titular de prueba 534 sobre deportes,https://example.com/534,,Test,test,2025-01-23 06:00:00,2025-01-23 06:00:00,smoke,deportes,baja,2025-01-01 00:00:00
536,url-535,Titular de prueba 535 sobre cultura,https://example.com/535,,Test,test,2025-01-23 07:00:00,2025-01-23 07:00:00,smoke,cultura,media,2025-01-01 00:00:00
537,url-536,Titular de prueba 536 sobre tecnologia,https://example.com/536,,Test,test,2025-01-23 08:00:00,2025-01-23 08:00:00,smoke,tecnologia,alta,2025-01-01 00:00:00
538,url-537,Titular de prueba 537 sobre medioambiente,https://example.com/537,,Test,test,2025-01-23 09:00:00,2025-01-23 09:00:00,smoke,medioambiente,baja,2025-01-01 00:00:00
539,url-538,Titular de prueba 538 sobre internacional,https://example.com/538,,Test,test,2025-01-23 10:00:00,2025-01-23 10:00:00,smoke,internacional,media,2025-01-01 00:00:00
540,url-539,Titular de prueba 539 sobre sociedad,https://example.com/539,,Test,test,2025-01-23 11:00:00,2025-01-23 11:00:00,smoke,sociedad,alta,2025-01-01 00:00:00
541,url-540,Titular de prueba 540 sobre politica,https://example.com/540,,Test,test,2025-01-23 12:00:00,2025-01-23 12:00:00,smoke,politica,baja,2025-01-01 00:00:00
542,url-541,Titular de prueba 541 sobre seguridad,https://example.com/541,,Test,test,2025-01-23 13:00:00,2025-01-23 13:00:00,smoke,seguridad,media,2025-01-01 00:00:00
543,url-542,Titular de prueba 542 sobre economia,https://example.com/542,,Test,test,2025-01-23 14:00:00,2025-01-23 14:00:00,smoke,economia,alta,2025-01-01 00:00:00
544,url-543,Titular de prueba 543 sobre salud,https://example.com/543,,Test,test,2025-01-23 15:00:00,2025-01-23 15:00:00,smoke,salud,baja,2025-01-01 00:00:00
545,url-544,Titular de prueba 544 sobre deportes,https://example.com/544,,Test,test,2025-01-23 16:00:00,2025-01-23 16:00:00,smoke,deportes,media,2025-01-01 00:00:00
546,url-545,Titular de prueba 545 sobre cultura,https://example.com/545,,Test,test,2025-01-23 17:00:00,2025-01-23 17:00:00,smoke,cultura,alta,2025-01-01 00:00:00
547,url-546,Titular de prueba 546 sobre tecnologia,https://example.com/546,,Test,test,2025-01-23 18:00:00,2025-01-23 18:00:00,smoke,tecnologia,baja,2025-01-01 00:00:00
548,url-547,Titular de prueba 547 sobre medioambiente,https://example.com/547,,Test,test,2025-01-23 19:00:00,2025-01-23 19:00:00,smoke,medioambiente,media,2025-01-01 00:00:00
549,url-548,Titular de prueba 548 sobre internacional,https://example.com/548,,Test,test,2025-01-23 20:00:00,2025-01-23 20:00:00,smoke,internacional,alta,2025-01-01 00:00:00
550,url-549,Titular de prueba 549 sobre sociedad,https://example.com/549,,Test,test,2025-01-23 21:00:00,2025-01-23 21:00:00,smoke,sociedad,baja,2025-01-01 00:00:00
551,url-550,Titular de prueba 550 sobre politica,https://example.com/550,,Test,test,2025-01-23 22:00:00,2025-01-23 22:00:00,smoke,politica,media,2025-01-01 00:00:00
552,url-551,Titular de prueba 551 sobre seguridad,https://example.com/551,,Test,test,2025-01-23 23:00:00,2025-01-23 23:00:00,smoke,seguridad,alta,2025-01-01 00:00:00
553,url-552,Titular de prueba 552 sobre economia,https://example.com/552,,Test,test,2025-01-24 00:00:00,2025-01-24 00:00:00,smoke,economia,baja,2025-01-01 00:00:00
554,url-553,Titular de prueba 553 sobre salud,https://example.com/553,,Test,test,2025-01-24 01:00:00,2025-01-24 01:00:00,smoke,salud,media,2025-01-01 00:00:00
555,url-554,Titular de prueba 554 sobre deportes,https://example.com/554,,Test,test,2025-01-24 02:00:00,2025-01-24 02:00:00,smoke,deportes,alta,2025-01-01 00:00:00
556,url-555,Titular de prueba 555 sobre cultura,https://example.com/555,,Test,test,2025-01-24 03:00:00,2025-01-24 03:00:00,smoke,cultura,baja,2025-01-01 00:00:00
557,url-556,Titular de prueba 556 sobre tecnologia,https://example.com/556,,Test,test,2025-01-24 04:00:00,2025-01-24 04:00:00,smoke,tecnologia,media,2025-01-01 00:00:00
558,url-557,Titular de prueba 557 sobre medioambiente,https://example.com/557,,Test,test,2025-01-24 05:00:00,2025-01-24 05:00:00,smoke,medioambiente,alta,2025-01-01 00:00:00
559,url-558,Titular de prueba 558 sobre internacional,https://example.com/558,,Test,test,2025-01-24 06:00:00,2025-01-24 06:00:00,smoke,internacional,baja,2025-01-01 00:00:00
560,url-559,Titular de prueba 559 sobre sociedad,https://example.com/559,,Test,test,2025-01-24 07:00:00,2025-01-24 07:00:00,smoke,sociedad,media,2025-01-01 00:00:00
561,url-560,Titular de prueba 560 sobre politica,https://example.com/560,,Test,test,2025-01-24 08:00:00,2025-01-24 08:00:00,smoke,politica,alta,2025-01-01 00:00:00
562,url-561,Titular de prueba 561 sobre seguridad,https://example.com/561,,Test,test,2025-01-24 09:00:00,2025-01-24 09:00:00,smoke,seguridad,baja,2025-01-01 00:00:00
563,url-562,Titular de prueba 562 sobre economia,https://example.com/562,,Test,test,2025-01-24 10:00:00,2025-01-24 10:00:00,smoke,economia,media,2025-01-01 00:00:00
564,url-563,Titular de prueba 563 sobre salud,https://example.com/563,,Test,test,2025-01-24 11:00:00,2025-01-24 11:00:00,smoke,salud,alta,2025-01-01 00:00:00
565,url-564,Titular de prueba 564 sobre deportes,https://example.com/564,,Test,test,2025-01-24 12:00:00,2025-01-24 12:00:00,smoke,deportes,baja,2025-01-01 00:00:00
566,url-565,Titular de prueba 565 sobre cultura,https://example.com/565,,Test,test,2025-01-24 13:00:00,2025-01-24 13:00:00,smoke,cultura,media,2025-01-01 00:00:00
567,url-566,Titular de prueba 566 sobre tecnologia,https://example.com/566,,Test,test,2025-01-24 14:00:00,2025-01-24 14:00:00,smoke,tecnologia,alta,2025-01-01 00:00:00
568,url-567,Titular de prueba 567 sobre medioambiente,https://example.com/567,,Test,test,2025-01-24 15:00:00,2025-01-24 15:00:00,smoke,medioambiente,baja,2025-01-01 00:00:00
569,url-568,Titular de prueba 568 sobre internacional,https://example.com/568,,Test,test,2025-01-24 16:00:00,2025-01-24 16:00:00,smoke,internacional,media,2025-01-01 00:00:00
570,url-569,Titular de prueba 569 sobre sociedad,https://example.com/569,,Test,test,2025-01-24 17:00:00,2025-01-24 17:00:00,smoke,sociedad,alta,2025-01-01 00:00:00
571,url-570,Titular de prueba 570 sobre politica,https://example.com/570,,Test,test,2025-01-24 18:00:00,2025-01-24 18:00:00,smoke,politica,baja,2025-01-01 00:00:00
572,url-571,Titular de prueba 571 sobre seguridad,https://example.com/571,,Test,test,2025-01-24 19:00:00,2025-01-24 19:00:00,smoke,seguridad,media,2025-01-01 00:00:00
573,url-572,Titular de prueba 572 sobre economia,https://example.com/572,,Test,test,2025-01-24 20:00:00,2025-01-24 20:00:00,smoke,economia,alta,2025-01-01 00:00:00
574,url-573,Titular de prueba 573 sobre salud,https://example.com/573,,Test,test,2025-01-24 21:00:00,2025-01-24 21:00:00,smoke,salud,baja,2025-01-01 00:00:00
575,url-574,Titular de prueba 574 sobre deportes,https://example.com/574,,Test,test,2025-01-24 22:00:00,2025-01-24 22:00:00,smoke,deportes,media,2025-01-01 00:00:00
576,url-575,Titular de prueba 575 sobre cultura,https://example.com/575,,Test,test,2025-01-24 23:00:00,2025-01-24 23:00:00,smoke,cultura,alta,2025-01-01 00:00:00
577,url-576,Titular de prueba 576 sobre tecnologia,https://example.com/576,,Test,test,2025-01-25 00:00:00,2025-01-25 00:00:00,smoke,tecnologia,baja,2025-01-01 00:00:00
578,url-577,Titular de prueba 577 sobre medioambiente,https://example.com/577,,Test,test,2025-01-25 01:00:00,2025-01-25 01:00:00,smoke,medioambiente,media,2025-01-01 00:00:00
579,url-578,Titular de prueba 578 sobre internacional,https://example.com/578,,Test,test,2025-01-25 02:00:00,2025-01-25 02:00:00,smoke,internacional,alta,2025-01-01 00:00:00
580,url-579,Titular de prueba 579 sobre sociedad,https://example.com/579,,Test,test,2025-01-25 03:00:00,2025-01-25 03:00:00,smoke,sociedad,baja,2025-01-01 00:00:00
581,url-580,Titular de prueba 580 sobre politica,https://example.com/580,,Test,test,2025-01-25 04:00:00,2025-01-25 04:00:00,smoke,politica,media,2025-01-01 00:00:00
582,url-581,Titular de prueba 581 sobre seguridad,https://example.com/581,,Test,test,2025-01-25 05:00:00,2025-01-25 05:00:00,smoke,seguridad,alta,2025-01-01 00:00:00
583,url-582,Titular de prueba 582 sobre economia,https://example.com/582,,Test,test,2025-01-25 06:00:00,2025-01-25 06:00:00,smoke,economia,baja,2025-01-01 00:00:00
584,url-583,Titular de prueba 583 sobre salud,https://example.com/583,,Test,test,2025-01-25 07:00:00,2025-01-25 07:00:00,smoke,salud,media,2025-01-01 00:00:00
585,url-584,Titular de prueba 584 sobre deportes,https://example.com/584,,Test,test,2025-01-25 08:00:00,2025-01-25 08:00:00,smoke,deportes,alta,2025-01-01 00:00:00
586,url-585,Titular de prueba 585 sobre cultura,https://example.com/585,,Test,test,2025-01-25 09:00:00,2025-01-25 09:00:00,smoke,cultura,baja,2025-01-01 00:00:00
587,url-586,Titular de prueba 586 sobre tecnologia,https://example.com/586,,Test,test,2025-01-25 10:00:00,2025-01-25 10:00:00,smoke,tecnologia,media,2025-01-01 00:00:00
588,url-587,Titular de prueba 587 sobre medioambiente,https://example.com/587,,Test,test,2025-01-25 11:00:00,2025-01-25 11:00:00,smoke,medioambiente,alta,2025-01-01 00:00:00
589,url-588,Titular de prueba 588 sobre internacional,https://example.com/588,,Test,test,2025-01-25 12:00:00,2025-01-25 12:00:00,smoke,internacional,baja,2025-01-01 00:00:00
590,url-589,Titular de prueba 589 sobre sociedad,https://example.com/589,,Test,test,2025-01-25 13:00:00,2025-01-25 13:00:00,smoke,sociedad,media,2025-01-01 00:00:00
591,url-590,Titular de prueba 590 sobre politica,https://example.com/590,,Test,test,2025-01-25 14:00:00,2025-01-25 14:00:00,smoke,politica,alta,2025-01-01 00:00:00
592,url-591,Titular de prueba 591 sobre seguridad,https://example.com/591,,Test,test,2025-01-25 15:00:00,2025-01-25 15:00:00,smoke,seguridad,baja,2025-01-01 00:00:00
593,url-592,Titular de prueba 592 sobre economia,https://example.com/592,,Test,test,2025-01-25 16:00:00,2025-01-25 16:00:00,smoke,economia,media,2025-01-01 00:00:00
594,url-593,Titular de prueba 593 sobre salud,https://example.com/593,,Test,test,2025-01-25 17:00:00,2025-01-25 17:00:00,smoke,salud,alta,2025-01-01 00:00:00
595,url-594,Titular de prueba 594 sobre deportes,https://example.com/594,,Test,test,2025-01-25 18:00:00,2025-01-25 18:00:00,smoke,deportes,baja,2025-01-01 00:00:00
596,url-595,Titular de prueba 595 sobre cultura,https://example.com/595,,Test,test,2025-01-25 19:00:00,2025-01-25 19:00:00,smoke,cultura,media,2025-01-01 00:00:00
597,url-596,Titular de prueba 596 sobre tecnologia,https://example.com/596,,Test,test,2025-01-25 20:00:00,2025-01-25 20:00:00,smoke,tecnologia,alta,2025-01-01 00:00:00
598,url-597,Titular de prueba 597 sobre medioambiente,https://example.com/597,,Test,test,2025-01-25 21:00:00,2025-01-25 21:00:00,smoke,medioambiente,baja,2025-01-01 00:00:00
599,url-598,Titular de prueba 598 sobre internacional,https://example.com/598,,Test,test,2025-01-25 22:00:00,2025-01-25 22:00:00,smoke,internacional,media,2025-01-01 00:00:00
600,url-599,Titular de prueba 599 sobre sociedad,https://example.com/599,,Test,test,2025-01-25 23:00:00,2025-01-25 23:00:00,smoke,sociedad,alta,2025-01-01 00:00:00
